/*
Navicat MySQL Data Transfer

Source Server         : localhost
Source Server Version : 50505
Source Host           : localhost:3306
Source Database       : perdana

Target Server Type    : MYSQL
Target Server Version : 50505
File Encoding         : 65001

Date: 2016-10-02 13:31:23
*/

SET FOREIGN_KEY_CHECKS=0;

-- ----------------------------
-- Table structure for groups
-- ----------------------------
DROP TABLE IF EXISTS `groups`;
CREATE TABLE `groups` (
  `id` int(11) NOT NULL AUTO_INCREMENT,
  `name` varchar(45) DEFAULT NULL,
  PRIMARY KEY (`id`),
  UNIQUE KEY `name_UNIQUE` (`name`)
) ENGINE=InnoDB AUTO_INCREMENT=3 DEFAULT CHARSET=utf8;

-- ----------------------------
-- Records of groups
-- ----------------------------
INSERT INTO `groups` VALUES ('1', 'Admin');
INSERT INTO `groups` VALUES ('2', 'Operasional');
INSERT INTO `groups` VALUES ('-1', 'Super Admin');

-- ----------------------------
-- Table structure for jenis_jasa
-- ----------------------------
DROP TABLE IF EXISTS `jenis_jasa`;
CREATE TABLE `jenis_jasa` (
  `id` int(11) NOT NULL AUTO_INCREMENT,
  `nama` varchar(45) NOT NULL,
  PRIMARY KEY (`id`),
  UNIQUE KEY `nama_UNIQUE` (`nama`)
) ENGINE=InnoDB AUTO_INCREMENT=4 DEFAULT CHARSET=utf8;

-- ----------------------------
-- Records of jenis_jasa
-- ----------------------------
INSERT INTO `jenis_jasa` VALUES ('1', 'LABUH');
INSERT INTO `jenis_jasa` VALUES ('3', 'LABUH & TAMBAT');
INSERT INTO `jenis_jasa` VALUES ('2', 'TAMBAT');

-- ----------------------------
-- Table structure for jenis_transaksi
-- ----------------------------
DROP TABLE IF EXISTS `jenis_transaksi`;
CREATE TABLE `jenis_transaksi` (
  `id` int(11) NOT NULL AUTO_INCREMENT,
  `nama` varchar(45) NOT NULL,
  PRIMARY KEY (`id`),
  UNIQUE KEY `nama_UNIQUE` (`nama`)
) ENGINE=InnoDB AUTO_INCREMENT=3 DEFAULT CHARSET=utf8;

-- ----------------------------
-- Records of jenis_transaksi
-- ----------------------------
INSERT INTO `jenis_transaksi` VALUES ('2', 'DALAM NEGERI');
INSERT INTO `jenis_transaksi` VALUES ('1', 'LUAR NEGERI');

-- ----------------------------
-- Table structure for permintaan
-- ----------------------------
DROP TABLE IF EXISTS `permintaan`;
CREATE TABLE `permintaan` (
  `id` int(11) NOT NULL AUTO_INCREMENT,
  `no_aju` char(6) NOT NULL,
  `perusahaan_id` int(11) NOT NULL,
  `nama_kapal` varchar(45) NOT NULL,
  `grt` varchar(45) NOT NULL,
  `perkiraan_kegiatan_from` date NOT NULL,
  `perkiraan_kegiatan_to` varchar(45) NOT NULL,
  `pemilik_kapal` varchar(45) NOT NULL,
  `posisi_kapal` varchar(45) NOT NULL,
  `jenis_transaksi_id` int(11) NOT NULL,
  `jenis_jasa_id` int(11) NOT NULL,
  `jumlah` double NOT NULL DEFAULT '0',
  `status` tinyint(1) NOT NULL DEFAULT '0',
  `dilihat` tinyint(1) NOT NULL DEFAULT '0',
  `created_by` int(11) NOT NULL,
  `created` datetime DEFAULT NULL,
  `modified` datetime DEFAULT NULL,
  `modified_by` int(11) DEFAULT NULL,
  `last_ip` varchar(15) DEFAULT NULL,
  PRIMARY KEY (`id`),
  UNIQUE KEY `no_aju_UNIQUE` (`no_aju`),
  KEY `fk_permintaan_jenis_transaksi1_idx` (`jenis_transaksi_id`),
  KEY `fk_permintaan_jenis_jasa1_idx` (`jenis_jasa_id`),
  KEY `fk_permintaan_perusahaan1_idx` (`perusahaan_id`),
  KEY `fk_permintaan_users1_idx` (`created_by`),
  CONSTRAINT `fk_permintaan_jenis_jasa1` FOREIGN KEY (`jenis_jasa_id`) REFERENCES `jenis_jasa` (`id`) ON DELETE NO ACTION ON UPDATE NO ACTION,
  CONSTRAINT `fk_permintaan_jenis_transaksi1` FOREIGN KEY (`jenis_transaksi_id`) REFERENCES `jenis_transaksi` (`id`) ON DELETE NO ACTION ON UPDATE NO ACTION,
  CONSTRAINT `fk_permintaan_perusahaan1` FOREIGN KEY (`perusahaan_id`) REFERENCES `perusahaan` (`id`) ON DELETE NO ACTION ON UPDATE NO ACTION,
  CONSTRAINT `fk_permintaan_users1` FOREIGN KEY (`created_by`) REFERENCES `users` (`id`) ON DELETE NO ACTION ON UPDATE NO ACTION
) ENGINE=InnoDB AUTO_INCREMENT=34 DEFAULT CHARSET=utf8;

-- ----------------------------
-- Records of permintaan
-- ----------------------------
INSERT INTO `permintaan` VALUES ('7', '000001', '1', 'XCZVXCVB', '23525', '2016-09-25', '2016-10-08', 'XCVVBCXV', 'NCXVNBVCXN', '2', '2', '23500000', '1', '0', '3', '2016-09-30 21:00:42', '2016-10-02 04:35:49', '2', '::1');
INSERT INTO `permintaan` VALUES ('8', '000002', '1', 'XCVXBVCX', '2355', '2016-09-18', '2016-10-08', 'XCVCXB', 'CVXBXCVN', '2', '3', '350000', '1', '0', '3', '2016-09-30 21:02:45', '2016-10-02 04:38:58', '2', '::1');
INSERT INTO `permintaan` VALUES ('9', '000003', '1', 'ASDFSAG', '245', '2016-09-18', '2016-10-01', 'ASDGAFG', 'ASDDFAB', '2', '3', '30000', '1', '0', '3', '2016-09-30 21:04:49', '2016-10-02 09:46:54', '2', '::1');
INSERT INTO `permintaan` VALUES ('10', '000004', '1', 'ASDGF', 'asdga', '2016-09-25', '2016-10-07', 'SDAGAF', 'ASDGFA', '1', '3', '34000', '1', '0', '3', '2016-09-30 21:07:36', '2016-10-02 04:43:36', '2', '::1');
INSERT INTO `permintaan` VALUES ('11', '000005', '1', 'SDFSASF', '325', '2016-09-13', '2016-09-22', 'CVCXVBCXB', 'CVBCXVN', '2', '3', '3460000', '1', '0', '3', '2016-09-30 21:09:24', '2016-10-02 09:47:43', '2', '::1');
INSERT INTO `permintaan` VALUES ('12', '000006', '1', 'ASDGFG', 'adsg', '2016-09-19', '2016-09-28', 'ADSGF', 'ASDFGSFD', '1', '3', '4000', '1', '0', '3', '2016-09-30 21:16:18', '2016-10-02 09:48:30', '2', '::1');
INSERT INTO `permintaan` VALUES ('13', '000007', '1', 'SDDASG', '3456', '2016-09-21', '2016-09-26', 'VCXB', 'VCXBCVN', '1', '3', '40000', '1', '0', '3', '2016-09-30 21:17:00', '2016-10-02 04:42:37', '2', '::1');
INSERT INTO `permintaan` VALUES ('14', '000008', '1', 'XVXCBCVXB', '400', '2016-09-26', '2016-10-05', 'CXZVBVZXB', 'XZBVCXB', '1', '1', '5000000', '1', '0', '3', '2016-09-30 21:18:18', '2016-10-02 09:48:37', '2', '::1');
INSERT INTO `permintaan` VALUES ('16', '000010', '1', 'DVSDB', '2350', '2016-09-27', '2016-10-05', 'SDVCXZVZXV', 'BZXVBVXCB', '2', '3', '5000', '1', '0', '3', '2016-09-30 21:26:58', '2016-10-02 11:50:48', '2', '::1');
INSERT INTO `permintaan` VALUES ('17', '000011', '1', 'SDAVDFDFS', '346', '2016-09-27', '2016-09-30', 'VBVBNB', 'VCNBCNVNBV', '2', '3', '5000000', '1', '0', '3', '2016-09-30 21:27:34', '2016-10-02 11:51:01', '2', '::1');
INSERT INTO `permintaan` VALUES ('18', '000012', '1', 'ASDFSAG235', '566', '2016-09-20', '2016-09-27', 'FGDSFBSD', 'GNSDBSF', '2', '3', '460000', '0', '0', '3', '2016-09-30 21:28:33', null, null, '::1');
INSERT INTO `permintaan` VALUES ('19', '000013', '1', 'ASDVDFB', 'adbd', '2016-09-21', '2016-10-07', 'VVB', 'XCBCVB', '2', '3', '7000000', '0', '0', '3', '2016-09-30 21:30:13', null, null, '::1');
INSERT INTO `permintaan` VALUES ('20', '000014', '1', 'ASDGSDF', '325436', '2016-09-26', '2016-10-06', 'DFBFND', 'FGNDHG', '2', '3', '400000', '0', '0', '3', '2016-09-30 21:39:04', null, null, '::1');
INSERT INTO `permintaan` VALUES ('21', '000015', '1', 'XCVXZCBCVXB', '345346', '2016-09-27', '2016-10-04', 'XZCVCVBVCX', 'NXCVNBXCVN', '2', '3', '56000000000', '0', '0', '3', '2016-09-30 22:01:33', null, null, '::1');
INSERT INTO `permintaan` VALUES ('22', '000016', '1', 'SADVFFSD', '3453436', '2016-08-30', '2016-09-18', 'SDAVCBXCV', 'BCXVBVCVXN', '1', '3', '347879', '0', '0', '3', '2016-09-30 22:03:40', null, null, '::1');
INSERT INTO `permintaan` VALUES ('23', '000017', '1', 'ASDVFBV', '436476', '2016-09-07', '2016-09-11', 'DFGDG', 'NFFGNHDG', '1', '3', '54376', '0', '0', '3', '2016-09-30 22:05:47', null, null, '::1');
INSERT INTO `permintaan` VALUES ('24', '000018', '1', 'ASDGFD', '235436', '2016-09-26', '2016-09-13', 'SDAVDFSB', 'DFB F', '1', '3', '436658', '0', '0', '3', '2016-09-30 22:06:27', null, null, '::1');
INSERT INTO `permintaan` VALUES ('25', '000019', '1', 'ASFDSF', '2353', '2016-09-20', '2016-09-20', 'SDFVDS', 'BFDABSGDN', '2', '3', '235448', '0', '0', '3', '2016-09-30 22:07:51', null, null, '::1');
INSERT INTO `permintaan` VALUES ('26', '000020', '1', 'XZCVXCZV', '325', '2016-10-31', '2016-11-04', 'DFGFBFDN', 'FDNDGNDH', '2', '1', '3250000', '0', '0', '3', '2016-10-01 12:17:22', null, null, '::1');
INSERT INTO `permintaan` VALUES ('27', '000021', '2', 'SADVCXBX', '235', '2016-10-24', '2016-11-01', 'CVXXCBN', 'CNVNVBM', '2', '2', '3000000', '0', '0', '3', '2016-10-02 00:55:11', null, null, '::1');
INSERT INTO `permintaan` VALUES ('28', '000022', '2', 'XCZVXCB', '34', '2016-06-21', '2016-11-05', 'XCZVXCB', 'XCVBCXNB', '2', '3', '45000', '0', '0', '3', '2016-10-02 13:07:11', null, null, '::1');
INSERT INTO `permintaan` VALUES ('29', '000023', '2', 'XZCVXCB', '235', '2016-10-10', '2016-10-25', 'SAGDFSH', 'DFGSDFH', '2', '3', '46000', '0', '0', '3', '2016-10-02 13:13:49', null, null, '::1');
INSERT INTO `permintaan` VALUES ('30', '000024', '2', 'SDVFXZB', '436', '2016-11-02', '2016-11-05', 'ZXVZCXB', 'XCZVCZXBB', '2', '3', '500000', '0', '0', '3', '2016-10-02 13:14:30', null, null, '::1');
INSERT INTO `permintaan` VALUES ('31', '000025', '2', 'ADSDVFDB', '235', '2016-10-26', '2016-11-02', 'SVDFB', 'ABFSDFB', '2', '3', '500000', '0', '0', '3', '2016-10-02 13:17:01', null, null, '::1');
INSERT INTO `permintaan` VALUES ('32', '000026', '2', 'VCXVB', '235', '2016-11-02', '2016-11-02', 'SDAGAFAFG', 'ADSGDF', '1', '3', '56000', '0', '0', '3', '2016-10-02 13:21:14', null, null, '::1');
INSERT INTO `permintaan` VALUES ('33', '000027', '2', 'SADG', '35', '2016-10-25', '2016-10-27', 'SVDFBADFBD', 'FDFBDFSB', '2', '3', '570000', '0', '0', '3', '2016-10-02 13:22:20', null, null, '::1');

-- ----------------------------
-- Table structure for perusahaan
-- ----------------------------
DROP TABLE IF EXISTS `perusahaan`;
CREATE TABLE `perusahaan` (
  `id` int(11) NOT NULL AUTO_INCREMENT,
  `nama_perusahaan` varchar(45) NOT NULL,
  `nama_pengguna` varchar(45) NOT NULL,
  `penanggung_jawab` varchar(45) NOT NULL,
  `saldo` double NOT NULL DEFAULT '0',
  `created` datetime DEFAULT NULL,
  `created_by` int(11) DEFAULT NULL,
  `modified` datetime DEFAULT NULL,
  `modified_by` int(11) DEFAULT NULL,
  `last_ip` varchar(15) DEFAULT NULL,
  PRIMARY KEY (`id`)
) ENGINE=InnoDB AUTO_INCREMENT=9 DEFAULT CHARSET=utf8;

-- ----------------------------
-- Records of perusahaan
-- ----------------------------
INSERT INTO `perusahaan` VALUES ('1', 'PT. SNEPAC SHIPPING', '', 'PENANGGUNG JAWAB 1', '20000000', null, null, null, null, null);
INSERT INTO `perusahaan` VALUES ('2', 'PT. SNEPAC MULTINDO UTAMA', '', 'PENANGGUNG JAWAB 2', '150001', null, null, null, null, null);
INSERT INTO `perusahaan` VALUES ('3', 'PT. SNEPAC SERVICE UTAMA', '', 'PENANGGUNG JAWAB 3', '0', null, null, null, null, null);
INSERT INTO `perusahaan` VALUES ('4', 'PT. SNEPAC MULTIPERKASA', '', 'PENANGGUNG JAWAB 4', '0', null, null, null, null, null);
INSERT INTO `perusahaan` VALUES ('5', 'PT. SNEPAC TOUR &AMP; TRAVEL', '', 'PENANGGUNG JAWAB 5', '0', null, null, null, null, null);
INSERT INTO `perusahaan` VALUES ('6', 'PT. SPECTRUM LINTAS SERVICE', '', 'PENANGGUNG JAWAB 6', '0', null, null, null, null, null);
INSERT INTO `perusahaan` VALUES ('7', 'PT. MENARA GEMBO', '', 'PENANGGUNG JAWAB 7', '0', null, null, null, null, null);
INSERT INTO `perusahaan` VALUES ('8', 'PT. MERANTI INTAN MULYA', '', 'PENANGGUNG JAWAB 8', '0', null, null, null, null, null);

-- ----------------------------
-- Table structure for sessions
-- ----------------------------
DROP TABLE IF EXISTS `sessions`;
CREATE TABLE `sessions` (
  `id` varchar(40) NOT NULL,
  `ip_address` varchar(45) NOT NULL,
  `timestamp` int(10) unsigned NOT NULL DEFAULT '0',
  `data` blob NOT NULL,
  KEY `sessions_timestamp` (`timestamp`)
) ENGINE=InnoDB DEFAULT CHARSET=latin1;

-- ----------------------------
-- Records of sessions
-- ----------------------------
INSERT INTO `sessions` VALUES ('deec52cab49a6ff73096c5a1bbdc33fadd4dce47', '::1', '1475004044', 0x5F5F63695F6C6173745F726567656E65726174657C693A313437353030343034343B);
INSERT INTO `sessions` VALUES ('4c7c012486546104ec733c026fd0b194653abe06', '::1', '1475004661', 0x5F5F63695F6C6173745F726567656E65726174657C693A313437353030343336373B);
INSERT INTO `sessions` VALUES ('584efaada5b1f935ef4f63f5ed38d52ddf45f6c2', '::1', '1475004988', 0x5F5F63695F6C6173745F726567656E65726174657C693A313437353030343639333B);
INSERT INTO `sessions` VALUES ('0de3517b36862035cc726f8b1629dbf883a570d6', '::1', '1475005289', 0x5F5F63695F6C6173745F726567656E65726174657C693A313437353030353031373B);
INSERT INTO `sessions` VALUES ('f5257bd7827c16c9d467007e1c668f3025fa1201', '::1', '1475005617', 0x5F5F63695F6C6173745F726567656E65726174657C693A313437353030353335333B);
INSERT INTO `sessions` VALUES ('54e4833470eaddeb16b4aecebc9f11184c50715b', '::1', '1475005713', 0x5F5F63695F6C6173745F726567656E65726174657C693A313437353030353731333B);
INSERT INTO `sessions` VALUES ('f4cc3dd1f7787d3643277615518860cb091eaf6a', '::1', '1475006232', 0x5F5F63695F6C6173745F726567656E65726174657C693A313437353030363137303B);
INSERT INTO `sessions` VALUES ('e1b0a31fa4f336adfabb8998e92ee1cb1b80344b', '::1', '1475006734', 0x5F5F63695F6C6173745F726567656E65726174657C693A313437353030363439363B);
INSERT INTO `sessions` VALUES ('068a2cd5b0a664525180f2931d217a98614d3eb0', '::1', '1475007204', 0x5F5F63695F6C6173745F726567656E65726174657C693A313437353030363931353B);
INSERT INTO `sessions` VALUES ('269e1c39b9f4f6829c80525f87faac84e1c92dca', '::1', '1475007654', 0x5F5F63695F6C6173745F726567656E65726174657C693A313437353030373335343B);
INSERT INTO `sessions` VALUES ('91a2f31a4a1356d64637a8c2281ddb447f46c221', '::1', '1475007879', 0x5F5F63695F6C6173745F726567656E65726174657C693A313437353030373730323B);
INSERT INTO `sessions` VALUES ('a0418345ac865292ed78c8b608223e9038bcec50', '::1', '1475008548', 0x5F5F63695F6C6173745F726567656E65726174657C693A313437353030383332343B);
INSERT INTO `sessions` VALUES ('f2cf2d49d5ede92e4fe567d0b4c04e1b58432fc3', '::1', '1475008980', 0x5F5F63695F6C6173745F726567656E65726174657C693A313437353030383638363B);
INSERT INTO `sessions` VALUES ('6ece2172ec4dd6e61c5a18bf1a3b198dce6264bc', '::1', '1475009283', 0x5F5F63695F6C6173745F726567656E65726174657C693A313437353030383938383B);
INSERT INTO `sessions` VALUES ('6fd979d0ebc5589137818d9778f219df42be5309', '::1', '1475009607', 0x5F5F63695F6C6173745F726567656E65726174657C693A313437353030393331373B);
INSERT INTO `sessions` VALUES ('16af194023c9cb10a3015cea17a1a9411d39a528', '::1', '1475009927', 0x5F5F63695F6C6173745F726567656E65726174657C693A313437353030393633363B);
INSERT INTO `sessions` VALUES ('92629c7a970b6940b04c9c31ff383ca2b0836031', '::1', '1475010336', 0x5F5F63695F6C6173745F726567656E65726174657C693A313437353031303131313B);
INSERT INTO `sessions` VALUES ('59edc641d1414dce4b58b27a4db137230eac3ab0', '::1', '1475010818', 0x5F5F63695F6C6173745F726567656E65726174657C693A313437353031303533343B);
INSERT INTO `sessions` VALUES ('62c30ff61795420e9709e661101ed6ded7a015da', '::1', '1475011198', 0x5F5F63695F6C6173745F726567656E65726174657C693A313437353031303931373B);
INSERT INTO `sessions` VALUES ('f61c5a06c90f4671c2ce2bdc89ebc21ee89554de', '::1', '1475011514', 0x5F5F63695F6C6173745F726567656E65726174657C693A313437353031313232303B);
INSERT INTO `sessions` VALUES ('09f6d7d34868794e914a31dc6ddeb8a1f99bc02c', '::1', '1475011717', 0x5F5F63695F6C6173745F726567656E65726174657C693A313437353031313534353B);
INSERT INTO `sessions` VALUES ('94b1851ec038dc18f8c9e77861568566eab5b0c2', '::1', '1475012150', 0x5F5F63695F6C6173745F726567656E65726174657C693A313437353031313836363B);
INSERT INTO `sessions` VALUES ('a24a6777ffce6702710697f9c9b732ffdc5d7ad5', '::1', '1475012473', 0x5F5F63695F6C6173745F726567656E65726174657C693A313437353031323138383B);
INSERT INTO `sessions` VALUES ('c2f6783c505d64ef6b84fde96922dabcad06810d', '::1', '1475012821', 0x5F5F63695F6C6173745F726567656E65726174657C693A313437353031323532383B);
INSERT INTO `sessions` VALUES ('679153ef2c0f01b998514ce2652ca7273118e023', '::1', '1475013072', 0x5F5F63695F6C6173745F726567656E65726174657C693A313437353031323833353B);
INSERT INTO `sessions` VALUES ('5a25eb817456566c8ca6283725d3576fbe6173c7', '::1', '1475013799', 0x5F5F63695F6C6173745F726567656E65726174657C693A313437353031333530303B);
INSERT INTO `sessions` VALUES ('e056101063a54bda2df4cb16c0c7594c53892cfe', '::1', '1475014243', 0x5F5F63695F6C6173745F726567656E65726174657C693A313437353031333934363B);
INSERT INTO `sessions` VALUES ('44a6f5849fda7f719b14aa3953530ead719bbc95', '::1', '1475014580', 0x5F5F63695F6C6173745F726567656E65726174657C693A313437353031343238303B);
INSERT INTO `sessions` VALUES ('a05e3dc5f5ccd3ceddf4f7e3e8a03c9724c128f6', '::1', '1475014701', 0x5F5F63695F6C6173745F726567656E65726174657C693A313437353031343539343B);
INSERT INTO `sessions` VALUES ('d309a2dce70ab7bdd66659ab76befb682af18f25', '::1', '1475015215', 0x5F5F63695F6C6173745F726567656E65726174657C693A313437353031343933353B);
INSERT INTO `sessions` VALUES ('644d92db205d731321a48c7b2258d5e12257b8ec', '::1', '1475015419', 0x5F5F63695F6C6173745F726567656E65726174657C693A313437353031353236363B);
INSERT INTO `sessions` VALUES ('29cf98b6859ad8e76d2af8801830e7e718a84254', '::1', '1475029251', 0x5F5F63695F6C6173745F726567656E65726174657C693A313437353032393235303B);
INSERT INTO `sessions` VALUES ('f0ba0a58a7b4a8babc22619499cf2ee3eabe74ef', '::1', '1475029468', 0x5F5F63695F6C6173745F726567656E65726174657C693A313437353032393235313B);
INSERT INTO `sessions` VALUES ('3fb84787cece6c59c7b628321f70ac512e7d9a11', '::1', '1475029984', 0x5F5F63695F6C6173745F726567656E65726174657C693A313437353032393733313B);
INSERT INTO `sessions` VALUES ('fd8eb71e87ead0ca33f43f57f43fe3b4e20a210c', '::1', '1475071473', 0x5F5F63695F6C6173745F726567656E65726174657C693A313437353037313331323B);
INSERT INTO `sessions` VALUES ('095dd512c270b3a5dfb3f9efb9ba185fd72f3dcd', '::1', '1475072976', 0x5F5F63695F6C6173745F726567656E65726174657C693A313437353037323936303B);
INSERT INTO `sessions` VALUES ('7fa5976046e2f10eac06292c09c3a88c31316ad5', '::1', '1475073452', 0x5F5F63695F6C6173745F726567656E65726174657C693A313437353037333331373B);
INSERT INTO `sessions` VALUES ('a5eb2b0a71e4e230bc3584435ac7394e6c47de9b', '::1', '1475073888', 0x5F5F63695F6C6173745F726567656E65726174657C693A313437353037333634393B);
INSERT INTO `sessions` VALUES ('274bca1e2bf6eebddc3025afe2fe37932f806031', '::1', '1475074231', 0x5F5F63695F6C6173745F726567656E65726174657C693A313437353037333935393B66757365726E616D657C733A33323A223433646335366534333834373434313035353063646539613563396438363031223B6670617373776F72647C733A33323A223837666132646566613065363438666331383165623862373838333662363137223B);
INSERT INTO `sessions` VALUES ('fc3628c53ba1b0ca12543af0b1f02139e33c8114', '::1', '1475074466', 0x5F5F63695F6C6173745F726567656E65726174657C693A313437353037343435383B66757365726E616D657C733A33323A223433646335366534333834373434313035353063646539613563396438363031223B6670617373776F72647C733A33323A223837666132646566613065363438666331383165623862373838333662363137223B);
INSERT INTO `sessions` VALUES ('e546c413d6c18faa43785223fd15b22c01d0d037', '::1', '1475075087', 0x5F5F63695F6C6173745F726567656E65726174657C693A313437353037353038373B66757365726E616D657C733A33323A223433646335366534333834373434313035353063646539613563396438363031223B6670617373776F72647C733A33323A223837666132646566613065363438666331383165623862373838333662363137223B);
INSERT INTO `sessions` VALUES ('9e9eb1b871d6ede85fa71f9d8e3f684223dc8935', '::1', '1475076026', 0x5F5F63695F6C6173745F726567656E65726174657C693A313437353037353934313B66757365726E616D657C733A33323A223433646335366534333834373434313035353063646539613563396438363031223B6670617373776F72647C733A33323A223837666132646566613065363438666331383165623862373838333662363137223B);
INSERT INTO `sessions` VALUES ('f59b39b701755a345124ef90b1e8d56c6593a92a', '::1', '1475101769', 0x5F5F63695F6C6173745F726567656E65726174657C693A313437353130313734323B66757365726E616D657C733A33323A226132623231316332346130356664356232303163623565656462653830326363223B6670617373776F72647C733A33323A223865376231383835343463613665623334363463646437643066643166313036223B555F5F4C4F47474544494E7C623A313B555F5F49447C733A313A2231223B555F5F4E414D457C4E3B555F5F555345524E414D457C733A353A22656477696E223B555F5F47524F55505F49447C733A323A222D31223B555F5F47524F55505F4E414D457C733A31313A2253757065722041646D696E223B555F5F434F4D50414E597C4E3B);
INSERT INTO `sessions` VALUES ('16ae90df7d61cd8d737a5e3585bc9606bb7208f5', '::1', '1475102096', 0x5F5F63695F6C6173745F726567656E65726174657C693A313437353130323034393B66757365726E616D657C733A33323A226531353636663862336632663861303564383235343935383135303235616237223B6670617373776F72647C733A33323A226236343962363133626331653636626265623239623334353962326364353636223B);
INSERT INTO `sessions` VALUES ('74a6a6598b81e9bb9b73d1f90d615981b08b5c65', '::1', '1475130520', 0x5F5F63695F6C6173745F726567656E65726174657C693A313437353133303237353B66757365726E616D657C733A33323A223066663732363461356236613766383230326339336365643037663061393064223B6670617373776F72647C733A33323A223031653037313338663531376562633766643037356131616536613365313832223B555F5F4C4F47474544494E7C623A313B555F5F49447C733A313A2231223B555F5F4E414D457C4E3B555F5F555345524E414D457C733A353A22656477696E223B555F5F47524F55505F49447C733A323A222D31223B555F5F47524F55505F4E414D457C733A31313A2253757065722041646D696E223B555F5F434F4D50414E597C4E3B);
INSERT INTO `sessions` VALUES ('13c387f05c39cb5200555a89744d9c8554c87df5', '::1', '1475130803', 0x5F5F63695F6C6173745F726567656E65726174657C693A313437353133303637393B66757365726E616D657C733A33323A223430643162656235366232636238613666666464643561323231643237356661223B6670617373776F72647C733A33323A226138346661383738653732336536313866616532353831346537303863393131223B);
INSERT INTO `sessions` VALUES ('d0c67feb45886be8fa1209423594f12f7575447d', '::1', '1475132462', 0x5F5F63695F6C6173745F726567656E65726174657C693A313437353133323139353B66757365726E616D657C733A33323A223430643162656235366232636238613666666464643561323231643237356661223B6670617373776F72647C733A33323A226138346661383738653732336536313866616532353831346537303863393131223B);
INSERT INTO `sessions` VALUES ('f65a6654253f68ee085fb0e47175c816b92d162e', '::1', '1475132637', 0x5F5F63695F6C6173745F726567656E65726174657C693A313437353133323530343B66757365726E616D657C733A33323A223430643162656235366232636238613666666464643561323231643237356661223B6670617373776F72647C733A33323A226138346661383738653732336536313866616532353831346537303863393131223B);
INSERT INTO `sessions` VALUES ('f5be5040c66d75318ce9d38f42c92c34b93f1257', '::1', '1475135033', 0x5F5F63695F6C6173745F726567656E65726174657C693A313437353133343937383B66757365726E616D657C733A33323A223166316565376532356337396164653333346638386634666439663132393434223B6670617373776F72647C733A33323A223435323937626632653062386530306635313734613964346232373030623636223B);
INSERT INTO `sessions` VALUES ('b836aaf7a7e66997f53d2f8e7e344ff4f8bba72e', '::1', '1475136014', 0x5F5F63695F6C6173745F726567656E65726174657C693A313437353133353732333B66757365726E616D657C733A33323A226361623633363137353964356232636334333134653431363633386230393865223B6670617373776F72647C733A33323A226630383063333861383732623664393331303234623561393035373262313862223B);
INSERT INTO `sessions` VALUES ('8e1e7d78211dcdcdce73f03563076f44b38866e0', '::1', '1475136267', 0x5F5F63695F6C6173745F726567656E65726174657C693A313437353133363032363B66757365726E616D657C733A33323A223264393535643465303934333164306238666332663437643366343066343839223B6670617373776F72647C733A33323A226534393266656235393764663834366631646165343363613037326365383131223B555F5F4C4F47474544494E7C623A313B555F5F49447C733A313A2233223B555F5F4E414D457C4E3B555F5F555345524E414D457C733A31313A226F7065726173696F6E616C223B555F5F47524F55505F49447C733A313A2232223B555F5F47524F55505F4E414D457C733A31313A224F7065726173696F6E616C223B555F5F434F4D50414E597C4E3B);
INSERT INTO `sessions` VALUES ('916c673f3465f02904e63653be45aa55038c7189', '::1', '1475154187', 0x5F5F63695F6C6173745F726567656E65726174657C693A313437353135343132333B66757365726E616D657C733A33323A223064643037303565356663616165353063323339326261383639313338353030223B6670617373776F72647C733A33323A226333646561323866316535373464376465353866643864393963333965313761223B555F5F4C4F47474544494E7C623A313B555F5F49447C733A313A2233223B555F5F4E414D457C733A31333A224F7065726173696F6E616C2031223B555F5F555345524E414D457C733A31313A226F7065726173696F6E616C223B555F5F47524F55505F49447C733A313A2232223B555F5F47524F55505F4E414D457C733A31313A224F7065726173696F6E616C223B555F5F434F4D50414E597C4E3B);
INSERT INTO `sessions` VALUES ('7cab465c1688d9e698dc00b6ef39dc5f9b869f0a', '::1', '1475154783', 0x5F5F63695F6C6173745F726567656E65726174657C693A313437353135343734323B66757365726E616D657C733A33323A223736373839313461376337386434363336653066343262626265363830383431223B6670617373776F72647C733A33323A226535336230613837663634656166656237636438386135623766663432356566223B555F5F4C4F47474544494E7C623A313B555F5F49447C733A313A2233223B555F5F4E414D457C733A31333A224F7065726173696F6E616C2031223B555F5F555345524E414D457C733A31313A226F7065726173696F6E616C223B555F5F47524F55505F49447C733A313A2232223B555F5F47524F55505F4E414D457C733A31313A224F7065726173696F6E616C223B555F5F5045525553414841414E7C4E3B555F5F5045525553414841414E5F4E414D457C4E3B555F5F50454E414E4747554E475F4A415741427C4E3B);
INSERT INTO `sessions` VALUES ('818a430e019d9ccb177acde775c92c3a30c864ee', '::1', '1475155212', 0x5F5F63695F6C6173745F726567656E65726174657C693A313437353135353230333B66757365726E616D657C733A33323A223932633139623637623638303336396330616161666161333064636630393031223B6670617373776F72647C733A33323A223366333531343737633266633532306236316632653032363862303335626235223B);
INSERT INTO `sessions` VALUES ('a8e3edbe710786ca5eed4dbaade82115319bf6fb', '::1', '1475156625', 0x5F5F63695F6C6173745F726567656E65726174657C693A313437353135363432353B66757365726E616D657C733A33323A223932633139623637623638303336396330616161666161333064636630393031223B6670617373776F72647C733A33323A223366333531343737633266633532306236316632653032363862303335626235223B555F5F4C4F47474544494E7C623A313B555F5F49447C733A313A2233223B555F5F4E414D457C733A31333A224F7065726173696F6E616C2031223B555F5F555345524E414D457C733A31313A226F7065726173696F6E616C223B555F5F47524F55505F49447C733A313A2232223B555F5F47524F55505F4E414D457C733A31313A224F7065726173696F6E616C223B555F5F5045525553414841414E7C733A313A2231223B555F5F5045525553414841414E5F4E414D457C733A31393A2250542E20536E65706163205368697070696E67223B555F5F50454E414E4747554E475F4A415741427C733A31383A2250656E616E6767756E67204A617761622031223B);
INSERT INTO `sessions` VALUES ('d32ab145c7d7fdc9f349f59668428c6e22d8d823', '::1', '1475159281', 0x5F5F63695F6C6173745F726567656E65726174657C693A313437353135393134343B66757365726E616D657C733A33323A223932633139623637623638303336396330616161666161333064636630393031223B6670617373776F72647C733A33323A223366333531343737633266633532306236316632653032363862303335626235223B555F5F4C4F47474544494E7C623A313B555F5F49447C733A313A2233223B555F5F4E414D457C733A31333A224F7065726173696F6E616C2031223B555F5F555345524E414D457C733A31313A226F7065726173696F6E616C223B555F5F47524F55505F49447C733A313A2232223B555F5F47524F55505F4E414D457C733A31313A224F7065726173696F6E616C223B555F5F5045525553414841414E7C733A313A2231223B555F5F5045525553414841414E5F4E414D457C733A31393A2250542E20536E65706163205368697070696E67223B555F5F50454E414E4747554E475F4A415741427C733A31383A2250656E616E6767756E67204A617761622031223B);
INSERT INTO `sessions` VALUES ('b180dc78705dfbd0337cd1702c1e9409276ff6dd', '::1', '1475163059', 0x5F5F63695F6C6173745F726567656E65726174657C693A313437353136323736383B66757365726E616D657C733A33323A223932633139623637623638303336396330616161666161333064636630393031223B6670617373776F72647C733A33323A223366333531343737633266633532306236316632653032363862303335626235223B555F5F4C4F47474544494E7C623A313B555F5F49447C733A313A2233223B555F5F4E414D457C733A31333A224F7065726173696F6E616C2031223B555F5F555345524E414D457C733A31313A226F7065726173696F6E616C223B555F5F47524F55505F49447C733A313A2232223B555F5F47524F55505F4E414D457C733A31313A224F7065726173696F6E616C223B555F5F5045525553414841414E7C733A313A2231223B555F5F5045525553414841414E5F4E414D457C733A31393A2250542E20536E65706163205368697070696E67223B555F5F50454E414E4747554E475F4A415741427C733A31383A2250656E616E6767756E67204A617761622031223B);
INSERT INTO `sessions` VALUES ('be212d67f07fea73823fa2feede37be97defc218', '::1', '1475163337', 0x5F5F63695F6C6173745F726567656E65726174657C693A313437353136333039323B66757365726E616D657C733A33323A223932633139623637623638303336396330616161666161333064636630393031223B6670617373776F72647C733A33323A223366333531343737633266633532306236316632653032363862303335626235223B555F5F4C4F47474544494E7C623A313B555F5F49447C733A313A2233223B555F5F4E414D457C733A31333A224F7065726173696F6E616C2031223B555F5F555345524E414D457C733A31313A226F7065726173696F6E616C223B555F5F47524F55505F49447C733A313A2232223B555F5F47524F55505F4E414D457C733A31313A224F7065726173696F6E616C223B555F5F5045525553414841414E7C733A313A2231223B555F5F5045525553414841414E5F4E414D457C733A31393A2250542E20536E65706163205368697070696E67223B555F5F50454E414E4747554E475F4A415741427C733A31383A2250656E616E6767756E67204A617761622031223B);
INSERT INTO `sessions` VALUES ('b56cfee12814a5074ba93f135f31a47360c7a495', '::1', '1475165240', 0x5F5F63695F6C6173745F726567656E65726174657C693A313437353136353231363B66757365726E616D657C733A33323A223932633139623637623638303336396330616161666161333064636630393031223B6670617373776F72647C733A33323A223366333531343737633266633532306236316632653032363862303335626235223B555F5F4C4F47474544494E7C623A313B555F5F49447C733A313A2233223B555F5F4E414D457C733A31333A224F7065726173696F6E616C2031223B555F5F555345524E414D457C733A31313A226F7065726173696F6E616C223B555F5F47524F55505F49447C733A313A2232223B555F5F47524F55505F4E414D457C733A31313A224F7065726173696F6E616C223B555F5F5045525553414841414E7C733A313A2231223B555F5F5045525553414841414E5F4E414D457C733A31393A2250542E20536E65706163205368697070696E67223B555F5F50454E414E4747554E475F4A415741427C733A31383A2250656E616E6767756E67204A617761622031223B);
INSERT INTO `sessions` VALUES ('6af012c7571b2e988b0fd919bc2d221b5d028ad1', '::1', '1475165829', 0x5F5F63695F6C6173745F726567656E65726174657C693A313437353136353533303B66757365726E616D657C733A33323A223932633139623637623638303336396330616161666161333064636630393031223B6670617373776F72647C733A33323A223366333531343737633266633532306236316632653032363862303335626235223B555F5F4C4F47474544494E7C623A313B555F5F49447C733A313A2233223B555F5F4E414D457C733A31333A224F7065726173696F6E616C2031223B555F5F555345524E414D457C733A31313A226F7065726173696F6E616C223B555F5F47524F55505F49447C733A313A2232223B555F5F47524F55505F4E414D457C733A31313A224F7065726173696F6E616C223B555F5F5045525553414841414E7C733A313A2231223B555F5F5045525553414841414E5F4E414D457C733A31393A2250542E20536E65706163205368697070696E67223B555F5F50454E414E4747554E475F4A415741427C733A31383A2250656E616E6767756E67204A617761622031223B);
INSERT INTO `sessions` VALUES ('b21d849cea4a1240981040d84a29072b6f50f218', '::1', '1475166148', 0x5F5F63695F6C6173745F726567656E65726174657C693A313437353136353835323B66757365726E616D657C733A33323A223932633139623637623638303336396330616161666161333064636630393031223B6670617373776F72647C733A33323A223366333531343737633266633532306236316632653032363862303335626235223B555F5F4C4F47474544494E7C623A313B555F5F49447C733A313A2233223B555F5F4E414D457C733A31333A224F7065726173696F6E616C2031223B555F5F555345524E414D457C733A31313A226F7065726173696F6E616C223B555F5F47524F55505F49447C733A313A2232223B555F5F47524F55505F4E414D457C733A31313A224F7065726173696F6E616C223B555F5F5045525553414841414E7C733A313A2231223B555F5F5045525553414841414E5F4E414D457C733A31393A2250542E20536E65706163205368697070696E67223B555F5F50454E414E4747554E475F4A415741427C733A31383A2250656E616E6767756E67204A617761622031223B);
INSERT INTO `sessions` VALUES ('4803245ee899bf0e1b5521a0ab3bc27b782d574d', '::1', '1475166497', 0x5F5F63695F6C6173745F726567656E65726174657C693A313437353136363236353B66757365726E616D657C733A33323A223932633139623637623638303336396330616161666161333064636630393031223B6670617373776F72647C733A33323A223366333531343737633266633532306236316632653032363862303335626235223B555F5F4C4F47474544494E7C623A313B555F5F49447C733A313A2233223B555F5F4E414D457C733A31333A224F7065726173696F6E616C2031223B555F5F555345524E414D457C733A31313A226F7065726173696F6E616C223B555F5F47524F55505F49447C733A313A2232223B555F5F47524F55505F4E414D457C733A31313A224F7065726173696F6E616C223B555F5F5045525553414841414E7C733A313A2231223B555F5F5045525553414841414E5F4E414D457C733A31393A2250542E20536E65706163205368697070696E67223B555F5F50454E414E4747554E475F4A415741427C733A31383A2250656E616E6767756E67204A617761622031223B);
INSERT INTO `sessions` VALUES ('f0b941761c64e5543013dff93eb3bfdcad22d84e', '::1', '1475166869', 0x5F5F63695F6C6173745F726567656E65726174657C693A313437353136363637393B66757365726E616D657C733A33323A223932633139623637623638303336396330616161666161333064636630393031223B6670617373776F72647C733A33323A223366333531343737633266633532306236316632653032363862303335626235223B555F5F4C4F47474544494E7C623A313B555F5F49447C733A313A2233223B555F5F4E414D457C733A31333A224F7065726173696F6E616C2031223B555F5F555345524E414D457C733A31313A226F7065726173696F6E616C223B555F5F47524F55505F49447C733A313A2232223B555F5F47524F55505F4E414D457C733A31313A224F7065726173696F6E616C223B555F5F5045525553414841414E7C733A313A2231223B555F5F5045525553414841414E5F4E414D457C733A31393A2250542E20536E65706163205368697070696E67223B555F5F50454E414E4747554E475F4A415741427C733A31383A2250656E616E6767756E67204A617761622031223B);
INSERT INTO `sessions` VALUES ('c43b49457346482726fb296a5bf60bc09c61db1a', '::1', '1475167304', 0x5F5F63695F6C6173745F726567656E65726174657C693A313437353136373033363B66757365726E616D657C733A33323A223932633139623637623638303336396330616161666161333064636630393031223B6670617373776F72647C733A33323A223366333531343737633266633532306236316632653032363862303335626235223B555F5F4C4F47474544494E7C623A313B555F5F49447C733A313A2233223B555F5F4E414D457C733A31333A224F7065726173696F6E616C2031223B555F5F555345524E414D457C733A31313A226F7065726173696F6E616C223B555F5F47524F55505F49447C733A313A2232223B555F5F47524F55505F4E414D457C733A31313A224F7065726173696F6E616C223B555F5F5045525553414841414E7C733A313A2231223B555F5F5045525553414841414E5F4E414D457C733A31393A2250542E20536E65706163205368697070696E67223B555F5F50454E414E4747554E475F4A415741427C733A31383A2250656E616E6767756E67204A617761622031223B);
INSERT INTO `sessions` VALUES ('96ace3ae3cf0d98f9b568d4874cb684eb12a0981', '::1', '1475167624', 0x5F5F63695F6C6173745F726567656E65726174657C693A313437353136373333393B66757365726E616D657C733A33323A223932633139623637623638303336396330616161666161333064636630393031223B6670617373776F72647C733A33323A223366333531343737633266633532306236316632653032363862303335626235223B555F5F4C4F47474544494E7C623A313B555F5F49447C733A313A2233223B555F5F4E414D457C733A31333A224F7065726173696F6E616C2031223B555F5F555345524E414D457C733A31313A226F7065726173696F6E616C223B555F5F47524F55505F49447C733A313A2232223B555F5F47524F55505F4E414D457C733A31313A224F7065726173696F6E616C223B555F5F5045525553414841414E7C733A313A2231223B555F5F5045525553414841414E5F4E414D457C733A31393A2250542E20536E65706163205368697070696E67223B555F5F50454E414E4747554E475F4A415741427C733A31383A2250656E616E6767756E67204A617761622031223B);
INSERT INTO `sessions` VALUES ('96df78c61074655a30621593acc0a52a0e732fa4', '::1', '1475167665', 0x5F5F63695F6C6173745F726567656E65726174657C693A313437353136373636303B66757365726E616D657C733A33323A223932633139623637623638303336396330616161666161333064636630393031223B6670617373776F72647C733A33323A223366333531343737633266633532306236316632653032363862303335626235223B555F5F4C4F47474544494E7C623A313B555F5F49447C733A313A2233223B555F5F4E414D457C733A31333A224F7065726173696F6E616C2031223B555F5F555345524E414D457C733A31313A226F7065726173696F6E616C223B555F5F47524F55505F49447C733A313A2232223B555F5F47524F55505F4E414D457C733A31313A224F7065726173696F6E616C223B555F5F5045525553414841414E7C733A313A2231223B555F5F5045525553414841414E5F4E414D457C733A31393A2250542E20536E65706163205368697070696E67223B555F5F50454E414E4747554E475F4A415741427C733A31383A2250656E616E6767756E67204A617761622031223B);
INSERT INTO `sessions` VALUES ('e47ffb5442c39258107493aa5387ef952a583caa', '::1', '1475171216', 0x5F5F63695F6C6173745F726567656E65726174657C693A313437353137313136323B66757365726E616D657C733A33323A226162326136343866646330393036393534363537326462386237303132663864223B6670617373776F72647C733A33323A223637323435633131656339343031663434373337383663373038363362326335223B555F5F4C4F47474544494E7C623A313B555F5F49447C733A313A2233223B555F5F4E414D457C733A31333A224F7065726173696F6E616C2031223B555F5F555345524E414D457C733A31313A226F7065726173696F6E616C223B555F5F47524F55505F49447C733A313A2232223B555F5F47524F55505F4E414D457C733A31313A224F7065726173696F6E616C223B555F5F5045525553414841414E7C733A313A2231223B555F5F5045525553414841414E5F4E414D457C733A31393A2250542E20536E65706163205368697070696E67223B555F5F50454E414E4747554E475F4A415741427C733A31383A2250656E616E6767756E67204A617761622031223B);
INSERT INTO `sessions` VALUES ('e110712acf2f0f81f28e999162de3e7b9a4f6249', '::1', '1475171638', 0x5F5F63695F6C6173745F726567656E65726174657C693A313437353137313533353B66757365726E616D657C733A33323A226162326136343866646330393036393534363537326462386237303132663864223B6670617373776F72647C733A33323A223637323435633131656339343031663434373337383663373038363362326335223B555F5F4C4F47474544494E7C623A313B555F5F49447C733A313A2233223B555F5F4E414D457C733A31333A224F7065726173696F6E616C2031223B555F5F555345524E414D457C733A31313A226F7065726173696F6E616C223B555F5F47524F55505F49447C733A313A2232223B555F5F47524F55505F4E414D457C733A31313A224F7065726173696F6E616C223B555F5F5045525553414841414E7C733A313A2231223B555F5F5045525553414841414E5F4E414D457C733A31393A2250542E20536E65706163205368697070696E67223B555F5F50454E414E4747554E475F4A415741427C733A31383A2250656E616E6767756E67204A617761622031223B);
INSERT INTO `sessions` VALUES ('b4ada8b9932bffb9b88c05cffa01c619ba15b5ae', '::1', '1475172998', 0x5F5F63695F6C6173745F726567656E65726174657C693A313437353137323730393B66757365726E616D657C733A33323A226162326136343866646330393036393534363537326462386237303132663864223B6670617373776F72647C733A33323A223637323435633131656339343031663434373337383663373038363362326335223B555F5F4C4F47474544494E7C623A313B555F5F49447C733A313A2233223B555F5F4E414D457C733A31333A224F7065726173696F6E616C2031223B555F5F555345524E414D457C733A31313A226F7065726173696F6E616C223B555F5F47524F55505F49447C733A313A2232223B555F5F47524F55505F4E414D457C733A31313A224F7065726173696F6E616C223B555F5F5045525553414841414E7C733A313A2231223B555F5F5045525553414841414E5F4E414D457C733A31393A2250542E20536E65706163205368697070696E67223B555F5F50454E414E4747554E475F4A415741427C733A31383A2250656E616E6767756E67204A617761622031223B);
INSERT INTO `sessions` VALUES ('c03209de896df983c08a7187bd9000b77bc0ee91', '::1', '1475173158', 0x5F5F63695F6C6173745F726567656E65726174657C693A313437353137333031383B66757365726E616D657C733A33323A226162326136343866646330393036393534363537326462386237303132663864223B6670617373776F72647C733A33323A223637323435633131656339343031663434373337383663373038363362326335223B555F5F4C4F47474544494E7C623A313B555F5F49447C733A313A2233223B555F5F4E414D457C733A31333A224F7065726173696F6E616C2031223B555F5F555345524E414D457C733A31313A226F7065726173696F6E616C223B555F5F47524F55505F49447C733A313A2232223B555F5F47524F55505F4E414D457C733A31313A224F7065726173696F6E616C223B555F5F5045525553414841414E7C733A313A2231223B555F5F5045525553414841414E5F4E414D457C733A31393A2250542E20536E65706163205368697070696E67223B555F5F50454E414E4747554E475F4A415741427C733A31383A2250656E616E6767756E67204A617761622031223B);
INSERT INTO `sessions` VALUES ('bb3380c35bcb8388cc3cb354c6653ef06538f202', '::1', '1475173843', 0x5F5F63695F6C6173745F726567656E65726174657C693A313437353137333636303B66757365726E616D657C733A33323A226162326136343866646330393036393534363537326462386237303132663864223B6670617373776F72647C733A33323A223637323435633131656339343031663434373337383663373038363362326335223B555F5F4C4F47474544494E7C623A313B555F5F49447C733A313A2233223B555F5F4E414D457C733A31333A224F7065726173696F6E616C2031223B555F5F555345524E414D457C733A31313A226F7065726173696F6E616C223B555F5F47524F55505F49447C733A313A2232223B555F5F47524F55505F4E414D457C733A31313A224F7065726173696F6E616C223B555F5F5045525553414841414E7C733A313A2231223B555F5F5045525553414841414E5F4E414D457C733A31393A2250542E20536E65706163205368697070696E67223B555F5F50454E414E4747554E475F4A415741427C733A31383A2250656E616E6767756E67204A617761622031223B);
INSERT INTO `sessions` VALUES ('8a5bab5cfa5f62d2ce45d414418fc601eab742bb', '::1', '1475174215', 0x5F5F63695F6C6173745F726567656E65726174657C693A313437353137343038333B66757365726E616D657C733A33323A226162326136343866646330393036393534363537326462386237303132663864223B6670617373776F72647C733A33323A223637323435633131656339343031663434373337383663373038363362326335223B555F5F4C4F47474544494E7C623A313B555F5F49447C733A313A2233223B555F5F4E414D457C733A31333A224F7065726173696F6E616C2031223B555F5F555345524E414D457C733A31313A226F7065726173696F6E616C223B555F5F47524F55505F49447C733A313A2232223B555F5F47524F55505F4E414D457C733A31313A224F7065726173696F6E616C223B555F5F5045525553414841414E7C733A313A2231223B555F5F5045525553414841414E5F4E414D457C733A31393A2250542E20536E65706163205368697070696E67223B555F5F50454E414E4747554E475F4A415741427C733A31383A2250656E616E6767756E67204A617761622031223B);
INSERT INTO `sessions` VALUES ('ce200163f532dad5393f284b8e7ab5c993a1db3d', '::1', '1475174644', 0x5F5F63695F6C6173745F726567656E65726174657C693A313437353137343435373B66757365726E616D657C733A33323A226162326136343866646330393036393534363537326462386237303132663864223B6670617373776F72647C733A33323A223637323435633131656339343031663434373337383663373038363362326335223B555F5F4C4F47474544494E7C623A313B555F5F49447C733A313A2233223B555F5F4E414D457C733A31333A224F7065726173696F6E616C2031223B555F5F555345524E414D457C733A31313A226F7065726173696F6E616C223B555F5F47524F55505F49447C733A313A2232223B555F5F47524F55505F4E414D457C733A31313A224F7065726173696F6E616C223B555F5F5045525553414841414E7C733A313A2231223B555F5F5045525553414841414E5F4E414D457C733A31393A2250542E20536E65706163205368697070696E67223B555F5F50454E414E4747554E475F4A415741427C733A31383A2250656E616E6767756E67204A617761622031223B);
INSERT INTO `sessions` VALUES ('3e02d7bdcc509f004763a3edae012cae5b22ffc2', '::1', '1475175024', 0x5F5F63695F6C6173745F726567656E65726174657C693A313437353137343737323B66757365726E616D657C733A33323A226162326136343866646330393036393534363537326462386237303132663864223B6670617373776F72647C733A33323A223637323435633131656339343031663434373337383663373038363362326335223B555F5F4C4F47474544494E7C623A313B555F5F49447C733A313A2233223B555F5F4E414D457C733A31333A224F7065726173696F6E616C2031223B555F5F555345524E414D457C733A31313A226F7065726173696F6E616C223B555F5F47524F55505F49447C733A313A2232223B555F5F47524F55505F4E414D457C733A31313A224F7065726173696F6E616C223B555F5F5045525553414841414E7C733A313A2231223B555F5F5045525553414841414E5F4E414D457C733A31393A2250542E20536E65706163205368697070696E67223B555F5F50454E414E4747554E475F4A415741427C733A31383A2250656E616E6767756E67204A617761622031223B);
INSERT INTO `sessions` VALUES ('d7985143632bacea0512a6b853eba7268e14df85', '::1', '1475175119', 0x5F5F63695F6C6173745F726567656E65726174657C693A313437353137353038373B66757365726E616D657C733A33323A223765633662343139613263376239633263343230383437666535333964646262223B6670617373776F72647C733A33323A223235656365613934626435643665333138623034353565383863306430373165223B555F5F4C4F47474544494E7C623A313B555F5F49447C733A313A2233223B555F5F4E414D457C733A31333A224F7065726173696F6E616C2031223B555F5F555345524E414D457C733A31313A226F7065726173696F6E616C223B555F5F47524F55505F49447C733A313A2232223B555F5F47524F55505F4E414D457C733A31313A224F7065726173696F6E616C223B555F5F5045525553414841414E7C733A313A2231223B555F5F5045525553414841414E5F4E414D457C733A31393A2250542E20536E65706163205368697070696E67223B555F5F50454E414E4747554E475F4A415741427C733A31383A2250656E616E6767756E67204A617761622031223B);
INSERT INTO `sessions` VALUES ('363150691f0ad87b1c0d6e4bda37b88b2dd0e408', '::1', '1475176858', 0x5F5F63695F6C6173745F726567656E65726174657C693A313437353137363733353B66757365726E616D657C733A33323A223765633662343139613263376239633263343230383437666535333964646262223B6670617373776F72647C733A33323A223235656365613934626435643665333138623034353565383863306430373165223B555F5F4C4F47474544494E7C623A313B555F5F49447C733A313A2233223B555F5F4E414D457C733A31333A224F7065726173696F6E616C2031223B555F5F555345524E414D457C733A31313A226F7065726173696F6E616C223B555F5F47524F55505F49447C733A313A2232223B555F5F47524F55505F4E414D457C733A31313A224F7065726173696F6E616C223B555F5F5045525553414841414E7C733A313A2231223B555F5F5045525553414841414E5F4E414D457C733A31393A2250542E20536E65706163205368697070696E67223B555F5F50454E414E4747554E475F4A415741427C733A31383A2250656E616E6767756E67204A617761622031223B);
INSERT INTO `sessions` VALUES ('a88f23cc6e05ecc196f66ca842c4812b79ae44b9', '::1', '1475177472', 0x5F5F63695F6C6173745F726567656E65726174657C693A313437353137373233353B66757365726E616D657C733A33323A223765633662343139613263376239633263343230383437666535333964646262223B6670617373776F72647C733A33323A223235656365613934626435643665333138623034353565383863306430373165223B555F5F4C4F47474544494E7C623A313B555F5F49447C733A313A2233223B555F5F4E414D457C733A31333A224F7065726173696F6E616C2031223B555F5F555345524E414D457C733A31313A226F7065726173696F6E616C223B555F5F47524F55505F49447C733A313A2232223B555F5F47524F55505F4E414D457C733A31313A224F7065726173696F6E616C223B555F5F5045525553414841414E7C733A313A2231223B555F5F5045525553414841414E5F4E414D457C733A31393A2250542E20536E65706163205368697070696E67223B555F5F50454E414E4747554E475F4A415741427C733A31383A2250656E616E6767756E67204A617761622031223B);
INSERT INTO `sessions` VALUES ('b45867283d4dd9bde2c014b527ca3a134ea5177e', '::1', '1475177869', 0x5F5F63695F6C6173745F726567656E65726174657C693A313437353137373539393B66757365726E616D657C733A33323A223765633662343139613263376239633263343230383437666535333964646262223B6670617373776F72647C733A33323A223235656365613934626435643665333138623034353565383863306430373165223B555F5F4C4F47474544494E7C623A313B555F5F49447C733A313A2233223B555F5F4E414D457C733A31333A224F7065726173696F6E616C2031223B555F5F555345524E414D457C733A31313A226F7065726173696F6E616C223B555F5F47524F55505F49447C733A313A2232223B555F5F47524F55505F4E414D457C733A31313A224F7065726173696F6E616C223B555F5F5045525553414841414E7C733A313A2231223B555F5F5045525553414841414E5F4E414D457C733A31393A2250542E20536E65706163205368697070696E67223B555F5F50454E414E4747554E475F4A415741427C733A31383A2250656E616E6767756E67204A617761622031223B);
INSERT INTO `sessions` VALUES ('b8d27a5ae192fe84b33eaf9b9576efa173616719', '::1', '1475178296', 0x5F5F63695F6C6173745F726567656E65726174657C693A313437353137373932333B66757365726E616D657C733A33323A223765633662343139613263376239633263343230383437666535333964646262223B6670617373776F72647C733A33323A223235656365613934626435643665333138623034353565383863306430373165223B555F5F4C4F47474544494E7C623A313B555F5F49447C733A313A2233223B555F5F4E414D457C733A31333A224F7065726173696F6E616C2031223B555F5F555345524E414D457C733A31313A226F7065726173696F6E616C223B555F5F47524F55505F49447C733A313A2232223B555F5F47524F55505F4E414D457C733A31313A224F7065726173696F6E616C223B555F5F5045525553414841414E7C733A313A2231223B555F5F5045525553414841414E5F4E414D457C733A31393A2250542E20536E65706163205368697070696E67223B555F5F50454E414E4747554E475F4A415741427C733A31383A2250656E616E6767756E67204A617761622031223B);
INSERT INTO `sessions` VALUES ('d0286457d29ec62eee72e7635314a2d2e5fe9e36', '::1', '1475178584', 0x5F5F63695F6C6173745F726567656E65726174657C693A313437353137383534353B66757365726E616D657C733A33323A223765633662343139613263376239633263343230383437666535333964646262223B6670617373776F72647C733A33323A223235656365613934626435643665333138623034353565383863306430373165223B555F5F4C4F47474544494E7C623A313B555F5F49447C733A313A2233223B555F5F4E414D457C733A31333A224F7065726173696F6E616C2031223B555F5F555345524E414D457C733A31313A226F7065726173696F6E616C223B555F5F47524F55505F49447C733A313A2232223B555F5F47524F55505F4E414D457C733A31313A224F7065726173696F6E616C223B555F5F5045525553414841414E7C733A313A2231223B555F5F5045525553414841414E5F4E414D457C733A31393A2250542E20536E65706163205368697070696E67223B555F5F50454E414E4747554E475F4A415741427C733A31383A2250656E616E6767756E67204A617761622031223B);
INSERT INTO `sessions` VALUES ('554c6582753a19f6a9f218dfccab564a4ada583c', '::1', '1475180675', 0x5F5F63695F6C6173745F726567656E65726174657C693A313437353138303635323B66757365726E616D657C733A33323A223765633662343139613263376239633263343230383437666535333964646262223B6670617373776F72647C733A33323A223235656365613934626435643665333138623034353565383863306430373165223B555F5F4C4F47474544494E7C623A313B555F5F49447C733A313A2233223B555F5F4E414D457C733A31333A224F7065726173696F6E616C2031223B555F5F555345524E414D457C733A31313A226F7065726173696F6E616C223B555F5F47524F55505F49447C733A313A2232223B555F5F47524F55505F4E414D457C733A31313A224F7065726173696F6E616C223B555F5F5045525553414841414E7C733A313A2231223B555F5F5045525553414841414E5F4E414D457C733A31393A2250542E20536E65706163205368697070696E67223B555F5F50454E414E4747554E475F4A415741427C733A31383A2250656E616E6767756E67204A617761622031223B);
INSERT INTO `sessions` VALUES ('bdbb71daaa8a531355c8668d86d8d100287d98b9', '::1', '1475183896', 0x5F5F63695F6C6173745F726567656E65726174657C693A313437353138333634343B66757365726E616D657C733A33323A226466306136633862346339326133636132313262306666656631306131646562223B6670617373776F72647C733A33323A223263653139636535363734373737363138353336383534383631363439336465223B555F5F4C4F47474544494E7C623A313B555F5F49447C733A313A2233223B555F5F4E414D457C733A31333A224F7065726173696F6E616C2031223B555F5F555345524E414D457C733A31313A226F7065726173696F6E616C223B555F5F47524F55505F49447C733A313A2232223B555F5F47524F55505F4E414D457C733A31313A224F7065726173696F6E616C223B555F5F5045525553414841414E7C733A313A2231223B555F5F5045525553414841414E5F4E414D457C733A31393A2250542E20536E65706163205368697070696E67223B555F5F50454E414E4747554E475F4A415741427C733A31383A2250656E616E6767756E67204A617761622031223B);
INSERT INTO `sessions` VALUES ('4e97a295126ff3e6b5cf71f27ac1691cba549056', '::1', '1475183988', 0x5F5F63695F6C6173745F726567656E65726174657C693A313437353138333935313B66757365726E616D657C733A33323A226466306136633862346339326133636132313262306666656631306131646562223B6670617373776F72647C733A33323A223263653139636535363734373737363138353336383534383631363439336465223B555F5F4C4F47474544494E7C623A313B555F5F49447C733A313A2233223B555F5F4E414D457C733A31333A224F7065726173696F6E616C2031223B555F5F555345524E414D457C733A31313A226F7065726173696F6E616C223B555F5F47524F55505F49447C733A313A2232223B555F5F47524F55505F4E414D457C733A31313A224F7065726173696F6E616C223B555F5F5045525553414841414E7C733A313A2231223B555F5F5045525553414841414E5F4E414D457C733A31393A2250542E20536E65706163205368697070696E67223B555F5F50454E414E4747554E475F4A415741427C733A31383A2250656E616E6767756E67204A617761622031223B);
INSERT INTO `sessions` VALUES ('7a345cb5090d941376f2c24d07f3b1f5a38b7a60', '::1', '1475184523', 0x5F5F63695F6C6173745F726567656E65726174657C693A313437353138343438393B66757365726E616D657C733A33323A226466306136633862346339326133636132313262306666656631306131646562223B6670617373776F72647C733A33323A223263653139636535363734373737363138353336383534383631363439336465223B555F5F4C4F47474544494E7C623A313B555F5F49447C733A313A2233223B555F5F4E414D457C733A31333A224F7065726173696F6E616C2031223B555F5F555345524E414D457C733A31313A226F7065726173696F6E616C223B555F5F47524F55505F49447C733A313A2232223B555F5F47524F55505F4E414D457C733A31313A224F7065726173696F6E616C223B555F5F5045525553414841414E7C733A313A2231223B555F5F5045525553414841414E5F4E414D457C733A31393A2250542E20536E65706163205368697070696E67223B555F5F50454E414E4747554E475F4A415741427C733A31383A2250656E616E6767756E67204A617761622031223B);
INSERT INTO `sessions` VALUES ('c1ab2feda99099f767d2aedbde651ea75ba89522', '::1', '1475220691', 0x5F5F63695F6C6173745F726567656E65726174657C693A313437353231373239353B66757365726E616D657C733A33323A226466306136633862346339326133636132313262306666656631306131646562223B6670617373776F72647C733A33323A223263653139636535363734373737363138353336383534383631363439336465223B555F5F4C4F47474544494E7C623A313B555F5F49447C733A313A2233223B555F5F4E414D457C733A31333A224F7065726173696F6E616C2031223B555F5F555345524E414D457C733A31313A226F7065726173696F6E616C223B555F5F47524F55505F49447C733A313A2232223B555F5F47524F55505F4E414D457C733A31313A224F7065726173696F6E616C223B555F5F5045525553414841414E7C733A313A2231223B555F5F5045525553414841414E5F4E414D457C733A31393A2250542E20536E65706163205368697070696E67223B555F5F50454E414E4747554E475F4A415741427C733A31383A2250656E616E6767756E67204A617761622031223B);
INSERT INTO `sessions` VALUES ('589f7948edebe3b87c6a5f29e8b54486b1675dd3', '::1', '1475220792', 0x5F5F63695F6C6173745F726567656E65726174657C693A313437353232303733303B66757365726E616D657C733A33323A226466306136633862346339326133636132313262306666656631306131646562223B6670617373776F72647C733A33323A223263653139636535363734373737363138353336383534383631363439336465223B555F5F4C4F47474544494E7C623A313B555F5F49447C733A313A2233223B555F5F4E414D457C733A31333A224F7065726173696F6E616C2031223B555F5F555345524E414D457C733A31313A226F7065726173696F6E616C223B555F5F47524F55505F49447C733A313A2232223B555F5F47524F55505F4E414D457C733A31313A224F7065726173696F6E616C223B555F5F5045525553414841414E7C733A313A2231223B555F5F5045525553414841414E5F4E414D457C733A31393A2250542E20536E65706163205368697070696E67223B555F5F50454E414E4747554E475F4A415741427C733A31383A2250656E616E6767756E67204A617761622031223B);
INSERT INTO `sessions` VALUES ('64f8fbe3fd0c41f537c370759128011fea751747', '::1', '1475228044', 0x5F5F63695F6C6173745F726567656E65726174657C693A313437353232373936313B66757365726E616D657C733A33323A226466306136633862346339326133636132313262306666656631306131646562223B6670617373776F72647C733A33323A223263653139636535363734373737363138353336383534383631363439336465223B555F5F4C4F47474544494E7C623A313B555F5F49447C733A313A2233223B555F5F4E414D457C733A31333A224F7065726173696F6E616C2031223B555F5F555345524E414D457C733A31313A226F7065726173696F6E616C223B555F5F47524F55505F49447C733A313A2232223B555F5F47524F55505F4E414D457C733A31313A224F7065726173696F6E616C223B555F5F5045525553414841414E7C733A313A2231223B555F5F5045525553414841414E5F4E414D457C733A31393A2250542E20536E65706163205368697070696E67223B555F5F50454E414E4747554E475F4A415741427C733A31383A2250656E616E6767756E67204A617761622031223B);
INSERT INTO `sessions` VALUES ('3f6184ee2009ac8134345770e79c6453592c1d2d', '::1', '1475228447', 0x5F5F63695F6C6173745F726567656E65726174657C693A313437353232383239363B66757365726E616D657C733A33323A226466306136633862346339326133636132313262306666656631306131646562223B6670617373776F72647C733A33323A223263653139636535363734373737363138353336383534383631363439336465223B555F5F4C4F47474544494E7C623A313B555F5F49447C733A313A2233223B555F5F4E414D457C733A31333A224F7065726173696F6E616C2031223B555F5F555345524E414D457C733A31313A226F7065726173696F6E616C223B555F5F47524F55505F49447C733A313A2232223B555F5F47524F55505F4E414D457C733A31313A224F7065726173696F6E616C223B555F5F5045525553414841414E7C733A313A2231223B555F5F5045525553414841414E5F4E414D457C733A31393A2250542E20536E65706163205368697070696E67223B555F5F50454E414E4747554E475F4A415741427C733A31383A2250656E616E6767756E67204A617761622031223B);
INSERT INTO `sessions` VALUES ('d70d4cf1d3b194c71b6e4510d82997a9422287cd', '::1', '1475229219', 0x5F5F63695F6C6173745F726567656E65726174657C693A313437353232393132383B66757365726E616D657C733A33323A226466306136633862346339326133636132313262306666656631306131646562223B6670617373776F72647C733A33323A223263653139636535363734373737363138353336383534383631363439336465223B555F5F4C4F47474544494E7C623A313B555F5F49447C733A313A2233223B555F5F4E414D457C733A31333A224F7065726173696F6E616C2031223B555F5F555345524E414D457C733A31313A226F7065726173696F6E616C223B555F5F47524F55505F49447C733A313A2232223B555F5F47524F55505F4E414D457C733A31313A224F7065726173696F6E616C223B555F5F5045525553414841414E7C733A313A2231223B555F5F5045525553414841414E5F4E414D457C733A31393A2250542E20536E65706163205368697070696E67223B555F5F50454E414E4747554E475F4A415741427C733A31383A2250656E616E6767756E67204A617761622031223B);
INSERT INTO `sessions` VALUES ('b110bf71fa7a3022d023826f79a03fd539088bdc', '::1', '1475244289', 0x5F5F63695F6C6173745F726567656E65726174657C693A313437353234343031373B66757365726E616D657C733A33323A226466306136633862346339326133636132313262306666656631306131646562223B6670617373776F72647C733A33323A223263653139636535363734373737363138353336383534383631363439336465223B555F5F4C4F47474544494E7C623A313B555F5F49447C733A313A2233223B555F5F4E414D457C733A31333A224F7065726173696F6E616C2031223B555F5F555345524E414D457C733A31313A226F7065726173696F6E616C223B555F5F47524F55505F49447C733A313A2232223B555F5F47524F55505F4E414D457C733A31313A224F7065726173696F6E616C223B555F5F5045525553414841414E7C733A313A2231223B555F5F5045525553414841414E5F4E414D457C733A31393A2250542E20536E65706163205368697070696E67223B555F5F50454E414E4747554E475F4A415741427C733A31383A2250656E616E6767756E67204A617761622031223B);
INSERT INTO `sessions` VALUES ('0e596ef53a4976753fc32b10b2f7748df362a327', '::1', '1475244564', 0x5F5F63695F6C6173745F726567656E65726174657C693A313437353234343431393B66757365726E616D657C733A33323A226466306136633862346339326133636132313262306666656631306131646562223B6670617373776F72647C733A33323A223263653139636535363734373737363138353336383534383631363439336465223B555F5F4C4F47474544494E7C623A313B555F5F49447C733A313A2233223B555F5F4E414D457C733A31333A224F7065726173696F6E616C2031223B555F5F555345524E414D457C733A31313A226F7065726173696F6E616C223B555F5F47524F55505F49447C733A313A2232223B555F5F47524F55505F4E414D457C733A31313A224F7065726173696F6E616C223B555F5F5045525553414841414E7C733A313A2231223B555F5F5045525553414841414E5F4E414D457C733A31393A2250542E20536E65706163205368697070696E67223B555F5F50454E414E4747554E475F4A415741427C733A31383A2250656E616E6767756E67204A617761622031223B);
INSERT INTO `sessions` VALUES ('dc903cd84a2eb04023cea0c9c2d1a7ed2d51fab4', '::1', '1475245137', 0x5F5F63695F6C6173745F726567656E65726174657C693A313437353234343935353B66757365726E616D657C733A33323A226466306136633862346339326133636132313262306666656631306131646562223B6670617373776F72647C733A33323A223263653139636535363734373737363138353336383534383631363439336465223B555F5F4C4F47474544494E7C623A313B555F5F49447C733A313A2233223B555F5F4E414D457C733A31333A224F7065726173696F6E616C2031223B555F5F555345524E414D457C733A31313A226F7065726173696F6E616C223B555F5F47524F55505F49447C733A313A2232223B555F5F47524F55505F4E414D457C733A31313A224F7065726173696F6E616C223B555F5F5045525553414841414E7C733A313A2231223B555F5F5045525553414841414E5F4E414D457C733A31393A2250542E20536E65706163205368697070696E67223B555F5F50454E414E4747554E475F4A415741427C733A31383A2250656E616E6767756E67204A617761622031223B);
INSERT INTO `sessions` VALUES ('e73ebf6f7903a966bf107d518e4454f829280d59', '::1', '1475245814', 0x5F5F63695F6C6173745F726567656E65726174657C693A313437353234353630343B66757365726E616D657C733A33323A226466306136633862346339326133636132313262306666656631306131646562223B6670617373776F72647C733A33323A223263653139636535363734373737363138353336383534383631363439336465223B555F5F4C4F47474544494E7C623A313B555F5F49447C733A313A2233223B555F5F4E414D457C733A31333A224F7065726173696F6E616C2031223B555F5F555345524E414D457C733A31313A226F7065726173696F6E616C223B555F5F47524F55505F49447C733A313A2232223B555F5F47524F55505F4E414D457C733A31313A224F7065726173696F6E616C223B555F5F5045525553414841414E7C733A313A2231223B555F5F5045525553414841414E5F4E414D457C733A31393A2250542E20536E65706163205368697070696E67223B555F5F50454E414E4747554E475F4A415741427C733A31383A2250656E616E6767756E67204A617761622031223B);
INSERT INTO `sessions` VALUES ('f3d74e368035e118b5123671c563b0b5f27efc3d', '::1', '1475246582', 0x5F5F63695F6C6173745F726567656E65726174657C693A313437353234363333303B66757365726E616D657C733A33323A226466306136633862346339326133636132313262306666656631306131646562223B6670617373776F72647C733A33323A223263653139636535363734373737363138353336383534383631363439336465223B555F5F4C4F47474544494E7C623A313B555F5F49447C733A313A2233223B555F5F4E414D457C733A31333A224F7065726173696F6E616C2031223B555F5F555345524E414D457C733A31313A226F7065726173696F6E616C223B555F5F47524F55505F49447C733A313A2232223B555F5F47524F55505F4E414D457C733A31313A224F7065726173696F6E616C223B555F5F5045525553414841414E7C733A313A2231223B555F5F5045525553414841414E5F4E414D457C733A31393A2250542E20536E65706163205368697070696E67223B555F5F50454E414E4747554E475F4A415741427C733A31383A2250656E616E6767756E67204A617761622031223B);
INSERT INTO `sessions` VALUES ('dcb80dc889ce53a90535b9ec3556850a4aee77f1', '::1', '1475246901', 0x5F5F63695F6C6173745F726567656E65726174657C693A313437353234363635363B66757365726E616D657C733A33323A226466306136633862346339326133636132313262306666656631306131646562223B6670617373776F72647C733A33323A223263653139636535363734373737363138353336383534383631363439336465223B555F5F4C4F47474544494E7C623A313B555F5F49447C733A313A2233223B555F5F4E414D457C733A31333A224F7065726173696F6E616C2031223B555F5F555345524E414D457C733A31313A226F7065726173696F6E616C223B555F5F47524F55505F49447C733A313A2232223B555F5F47524F55505F4E414D457C733A31313A224F7065726173696F6E616C223B555F5F5045525553414841414E7C733A313A2231223B555F5F5045525553414841414E5F4E414D457C733A31393A2250542E20536E65706163205368697070696E67223B555F5F50454E414E4747554E475F4A415741427C733A31383A2250656E616E6767756E67204A617761622031223B);
INSERT INTO `sessions` VALUES ('151d235787e30cc4b88f70e3a0756eada92aa121', '::1', '1475247242', 0x5F5F63695F6C6173745F726567656E65726174657C693A313437353234363936383B66757365726E616D657C733A33323A226466306136633862346339326133636132313262306666656631306131646562223B6670617373776F72647C733A33323A223263653139636535363734373737363138353336383534383631363439336465223B555F5F4C4F47474544494E7C623A313B555F5F49447C733A313A2233223B555F5F4E414D457C733A31333A224F7065726173696F6E616C2031223B555F5F555345524E414D457C733A31313A226F7065726173696F6E616C223B555F5F47524F55505F49447C733A313A2232223B555F5F47524F55505F4E414D457C733A31313A224F7065726173696F6E616C223B555F5F5045525553414841414E7C733A313A2231223B555F5F5045525553414841414E5F4E414D457C733A31393A2250542E20536E65706163205368697070696E67223B555F5F50454E414E4747554E475F4A415741427C733A31383A2250656E616E6767756E67204A617761622031223B);
INSERT INTO `sessions` VALUES ('1919835f6dd29be2392ca7b78bc3636602f8999f', '::1', '1475247445', 0x5F5F63695F6C6173745F726567656E65726174657C693A313437353234373237353B66757365726E616D657C733A33323A226466306136633862346339326133636132313262306666656631306131646562223B6670617373776F72647C733A33323A223263653139636535363734373737363138353336383534383631363439336465223B555F5F4C4F47474544494E7C623A313B555F5F49447C733A313A2233223B555F5F4E414D457C733A31333A224F7065726173696F6E616C2031223B555F5F555345524E414D457C733A31313A226F7065726173696F6E616C223B555F5F47524F55505F49447C733A313A2232223B555F5F47524F55505F4E414D457C733A31313A224F7065726173696F6E616C223B555F5F5045525553414841414E7C733A313A2231223B555F5F5045525553414841414E5F4E414D457C733A31393A2250542E20536E65706163205368697070696E67223B555F5F50454E414E4747554E475F4A415741427C733A31383A2250656E616E6767756E67204A617761622031223B);
INSERT INTO `sessions` VALUES ('aca00c78a32eed9259e5528597a8bd25723c6f14', '::1', '1475247956', 0x5F5F63695F6C6173745F726567656E65726174657C693A313437353234373637303B66757365726E616D657C733A33323A226466306136633862346339326133636132313262306666656631306131646562223B6670617373776F72647C733A33323A223263653139636535363734373737363138353336383534383631363439336465223B555F5F4C4F47474544494E7C623A313B555F5F49447C733A313A2233223B555F5F4E414D457C733A31333A224F7065726173696F6E616C2031223B555F5F555345524E414D457C733A31313A226F7065726173696F6E616C223B555F5F47524F55505F49447C733A313A2232223B555F5F47524F55505F4E414D457C733A31313A224F7065726173696F6E616C223B555F5F5045525553414841414E7C733A313A2231223B555F5F5045525553414841414E5F4E414D457C733A31393A2250542E20536E65706163205368697070696E67223B555F5F50454E414E4747554E475F4A415741427C733A31383A2250656E616E6767756E67204A617761622031223B);
INSERT INTO `sessions` VALUES ('410a83d813c7920e7386552ee47570d2f4288b5b', '::1', '1475248096', 0x5F5F63695F6C6173745F726567656E65726174657C693A313437353234373937363B66757365726E616D657C733A33323A226466306136633862346339326133636132313262306666656631306131646562223B6670617373776F72647C733A33323A223263653139636535363734373737363138353336383534383631363439336465223B555F5F4C4F47474544494E7C623A313B555F5F49447C733A313A2233223B555F5F4E414D457C733A31333A224F7065726173696F6E616C2031223B555F5F555345524E414D457C733A31313A226F7065726173696F6E616C223B555F5F47524F55505F49447C733A313A2232223B555F5F47524F55505F4E414D457C733A31313A224F7065726173696F6E616C223B555F5F5045525553414841414E7C733A313A2231223B555F5F5045525553414841414E5F4E414D457C733A31393A2250542E20536E65706163205368697070696E67223B555F5F50454E414E4747554E475F4A415741427C733A31383A2250656E616E6767756E67204A617761622031223B);
INSERT INTO `sessions` VALUES ('3605ccb029d7c7df25339e28f47b0a51be104ac5', '::1', '1475248357', 0x5F5F63695F6C6173745F726567656E65726174657C693A313437353234383333383B66757365726E616D657C733A33323A226466306136633862346339326133636132313262306666656631306131646562223B6670617373776F72647C733A33323A223263653139636535363734373737363138353336383534383631363439336465223B555F5F4C4F47474544494E7C623A313B555F5F49447C733A313A2233223B555F5F4E414D457C733A31333A224F7065726173696F6E616C2031223B555F5F555345524E414D457C733A31313A226F7065726173696F6E616C223B555F5F47524F55505F49447C733A313A2232223B555F5F47524F55505F4E414D457C733A31313A224F7065726173696F6E616C223B555F5F5045525553414841414E7C733A313A2231223B555F5F5045525553414841414E5F4E414D457C733A31393A2250542E20536E65706163205368697070696E67223B555F5F50454E414E4747554E475F4A415741427C733A31383A2250656E616E6767756E67204A617761622031223B);
INSERT INTO `sessions` VALUES ('46eeef0b04b0a418ba9af06df086ae04f2e75451', '::1', '1475249191', 0x5F5F63695F6C6173745F726567656E65726174657C693A313437353234383930303B66757365726E616D657C733A33323A226466306136633862346339326133636132313262306666656631306131646562223B6670617373776F72647C733A33323A223263653139636535363734373737363138353336383534383631363439336465223B555F5F4C4F47474544494E7C623A313B555F5F49447C733A313A2233223B555F5F4E414D457C733A31333A224F7065726173696F6E616C2031223B555F5F555345524E414D457C733A31313A226F7065726173696F6E616C223B555F5F47524F55505F49447C733A313A2232223B555F5F47524F55505F4E414D457C733A31313A224F7065726173696F6E616C223B555F5F5045525553414841414E7C733A313A2231223B555F5F5045525553414841414E5F4E414D457C733A31393A2250542E20536E65706163205368697070696E67223B555F5F50454E414E4747554E475F4A415741427C733A31383A2250656E616E6767756E67204A617761622031223B);
INSERT INTO `sessions` VALUES ('4296e54260b19345b415e8ec47cae29a7f95b365', '::1', '1475249366', 0x5F5F63695F6C6173745F726567656E65726174657C693A313437353234393235323B66757365726E616D657C733A33323A226466306136633862346339326133636132313262306666656631306131646562223B6670617373776F72647C733A33323A223263653139636535363734373737363138353336383534383631363439336465223B555F5F4C4F47474544494E7C623A313B555F5F49447C733A313A2233223B555F5F4E414D457C733A31333A224F7065726173696F6E616C2031223B555F5F555345524E414D457C733A31313A226F7065726173696F6E616C223B555F5F47524F55505F49447C733A313A2232223B555F5F47524F55505F4E414D457C733A31313A224F7065726173696F6E616C223B555F5F5045525553414841414E7C733A313A2231223B555F5F5045525553414841414E5F4E414D457C733A31393A2250542E20536E65706163205368697070696E67223B555F5F50454E414E4747554E475F4A415741427C733A31383A2250656E616E6767756E67204A617761622031223B);
INSERT INTO `sessions` VALUES ('f3f4a2bef1023a80b8da0c61573300111d82eaa0', '::1', '1475250148', 0x5F5F63695F6C6173745F726567656E65726174657C693A313437353234393836343B66757365726E616D657C733A33323A226466306136633862346339326133636132313262306666656631306131646562223B6670617373776F72647C733A33323A223263653139636535363734373737363138353336383534383631363439336465223B555F5F4C4F47474544494E7C623A313B555F5F49447C733A313A2233223B555F5F4E414D457C733A31333A224F7065726173696F6E616C2031223B555F5F555345524E414D457C733A31313A226F7065726173696F6E616C223B555F5F47524F55505F49447C733A313A2232223B555F5F47524F55505F4E414D457C733A31313A224F7065726173696F6E616C223B555F5F5045525553414841414E7C733A313A2231223B555F5F5045525553414841414E5F4E414D457C733A31393A2250542E20536E65706163205368697070696E67223B555F5F50454E414E4747554E475F4A415741427C733A31383A2250656E616E6767756E67204A617761622031223B);
INSERT INTO `sessions` VALUES ('1924aa01f4fc5bd22d3146e54a87f6ac9a20385b', '::1', '1475250400', 0x5F5F63695F6C6173745F726567656E65726174657C693A313437353235303137393B66757365726E616D657C733A33323A226466306136633862346339326133636132313262306666656631306131646562223B6670617373776F72647C733A33323A223263653139636535363734373737363138353336383534383631363439336465223B555F5F4C4F47474544494E7C623A313B555F5F49447C733A313A2233223B555F5F4E414D457C733A31333A224F7065726173696F6E616C2031223B555F5F555345524E414D457C733A31313A226F7065726173696F6E616C223B555F5F47524F55505F49447C733A313A2232223B555F5F47524F55505F4E414D457C733A31313A224F7065726173696F6E616C223B555F5F5045525553414841414E7C733A313A2231223B555F5F5045525553414841414E5F4E414D457C733A31393A2250542E20536E65706163205368697070696E67223B555F5F50454E414E4747554E475F4A415741427C733A31383A2250656E616E6767756E67204A617761622031223B);
INSERT INTO `sessions` VALUES ('c2d89335fd3bd66957d39e454a771c8b5abc1260', '::1', '1475251028', 0x5F5F63695F6C6173745F726567656E65726174657C693A313437353235303735353B66757365726E616D657C733A33323A226466306136633862346339326133636132313262306666656631306131646562223B6670617373776F72647C733A33323A223263653139636535363734373737363138353336383534383631363439336465223B555F5F4C4F47474544494E7C623A313B555F5F49447C733A313A2233223B555F5F4E414D457C733A31333A224F7065726173696F6E616C2031223B555F5F555345524E414D457C733A31313A226F7065726173696F6E616C223B555F5F47524F55505F49447C733A313A2232223B555F5F47524F55505F4E414D457C733A31313A224F7065726173696F6E616C223B555F5F5045525553414841414E7C733A313A2231223B555F5F5045525553414841414E5F4E414D457C733A31393A2250542E20536E65706163205368697070696E67223B555F5F50454E414E4747554E475F4A415741427C733A31383A2250656E616E6767756E67204A617761622031223B);
INSERT INTO `sessions` VALUES ('1398ec65326e043753cb208895b69e16d983cfa4', '::1', '1475251346', 0x5F5F63695F6C6173745F726567656E65726174657C693A313437353235313036393B66757365726E616D657C733A33323A226466306136633862346339326133636132313262306666656631306131646562223B6670617373776F72647C733A33323A223263653139636535363734373737363138353336383534383631363439336465223B555F5F4C4F47474544494E7C623A313B555F5F49447C733A313A2233223B555F5F4E414D457C733A31333A224F7065726173696F6E616C2031223B555F5F555345524E414D457C733A31313A226F7065726173696F6E616C223B555F5F47524F55505F49447C733A313A2232223B555F5F47524F55505F4E414D457C733A31313A224F7065726173696F6E616C223B555F5F5045525553414841414E7C733A313A2231223B555F5F5045525553414841414E5F4E414D457C733A31393A2250542E20536E65706163205368697070696E67223B555F5F50454E414E4747554E475F4A415741427C733A31383A2250656E616E6767756E67204A617761622031223B);
INSERT INTO `sessions` VALUES ('7f9f378ac9433dbd4a8d8b38d4c8708e4e4a96f1', '::1', '1475251643', 0x5F5F63695F6C6173745F726567656E65726174657C693A313437353235313337313B66757365726E616D657C733A33323A226466306136633862346339326133636132313262306666656631306131646562223B6670617373776F72647C733A33323A223263653139636535363734373737363138353336383534383631363439336465223B555F5F4C4F47474544494E7C623A313B555F5F49447C733A313A2233223B555F5F4E414D457C733A31333A224F7065726173696F6E616C2031223B555F5F555345524E414D457C733A31313A226F7065726173696F6E616C223B555F5F47524F55505F49447C733A313A2232223B555F5F47524F55505F4E414D457C733A31313A224F7065726173696F6E616C223B555F5F5045525553414841414E7C733A313A2231223B555F5F5045525553414841414E5F4E414D457C733A31393A2250542E20536E65706163205368697070696E67223B555F5F50454E414E4747554E475F4A415741427C733A31383A2250656E616E6767756E67204A617761622031223B);
INSERT INTO `sessions` VALUES ('74b3599a145991b7f626738fe06fcc8abf48aa46', '::1', '1475251817', 0x5F5F63695F6C6173745F726567656E65726174657C693A313437353235313639333B66757365726E616D657C733A33323A226466306136633862346339326133636132313262306666656631306131646562223B6670617373776F72647C733A33323A223263653139636535363734373737363138353336383534383631363439336465223B555F5F4C4F47474544494E7C623A313B555F5F49447C733A313A2233223B555F5F4E414D457C733A31333A224F7065726173696F6E616C2031223B555F5F555345524E414D457C733A31313A226F7065726173696F6E616C223B555F5F47524F55505F49447C733A313A2232223B555F5F47524F55505F4E414D457C733A31313A224F7065726173696F6E616C223B555F5F5045525553414841414E7C733A313A2231223B555F5F5045525553414841414E5F4E414D457C733A31393A2250542E20536E65706163205368697070696E67223B555F5F50454E414E4747554E475F4A415741427C733A31383A2250656E616E6767756E67204A617761622031223B);
INSERT INTO `sessions` VALUES ('d98a22d865c12e74bfb27088ab41a5ad8f7eb978', '::1', '1475252295', 0x5F5F63695F6C6173745F726567656E65726174657C693A313437353235323030363B66757365726E616D657C733A33323A226466306136633862346339326133636132313262306666656631306131646562223B6670617373776F72647C733A33323A223263653139636535363734373737363138353336383534383631363439336465223B555F5F4C4F47474544494E7C623A313B555F5F49447C733A313A2233223B555F5F4E414D457C733A31333A224F7065726173696F6E616C2031223B555F5F555345524E414D457C733A31313A226F7065726173696F6E616C223B555F5F47524F55505F49447C733A313A2232223B555F5F47524F55505F4E414D457C733A31313A224F7065726173696F6E616C223B555F5F5045525553414841414E7C733A313A2231223B555F5F5045525553414841414E5F4E414D457C733A31393A2250542E20536E65706163205368697070696E67223B555F5F50454E414E4747554E475F4A415741427C733A31383A2250656E616E6767756E67204A617761622031223B);
INSERT INTO `sessions` VALUES ('99f509330d247ce4a94b9ef880fe89a840061f33', '::1', '1475252547', 0x5F5F63695F6C6173745F726567656E65726174657C693A313437353235323330373B66757365726E616D657C733A33323A226466306136633862346339326133636132313262306666656631306131646562223B6670617373776F72647C733A33323A223263653139636535363734373737363138353336383534383631363439336465223B555F5F4C4F47474544494E7C623A313B555F5F49447C733A313A2233223B555F5F4E414D457C733A31333A224F7065726173696F6E616C2031223B555F5F555345524E414D457C733A31313A226F7065726173696F6E616C223B555F5F47524F55505F49447C733A313A2232223B555F5F47524F55505F4E414D457C733A31313A224F7065726173696F6E616C223B555F5F5045525553414841414E7C733A313A2231223B555F5F5045525553414841414E5F4E414D457C733A31393A2250542E20536E65706163205368697070696E67223B555F5F50454E414E4747554E475F4A415741427C733A31383A2250656E616E6767756E67204A617761622031223B);
INSERT INTO `sessions` VALUES ('d42888395d835509389dd11a1b5101cdd7bb5fa8', '::1', '1475253201', 0x5F5F63695F6C6173745F726567656E65726174657C693A313437353235323937323B66757365726E616D657C733A33323A226466306136633862346339326133636132313262306666656631306131646562223B6670617373776F72647C733A33323A223263653139636535363734373737363138353336383534383631363439336465223B555F5F4C4F47474544494E7C623A313B555F5F49447C733A313A2233223B555F5F4E414D457C733A31333A224F7065726173696F6E616C2031223B555F5F555345524E414D457C733A31313A226F7065726173696F6E616C223B555F5F47524F55505F49447C733A313A2232223B555F5F47524F55505F4E414D457C733A31313A224F7065726173696F6E616C223B555F5F5045525553414841414E7C733A313A2231223B555F5F5045525553414841414E5F4E414D457C733A31393A2250542E20536E65706163205368697070696E67223B555F5F50454E414E4747554E475F4A415741427C733A31383A2250656E616E6767756E67204A617761622031223B);
INSERT INTO `sessions` VALUES ('7ebe16b8367d2a509511294d3c452e3913998e7e', '::1', '1475253827', 0x5F5F63695F6C6173745F726567656E65726174657C693A313437353235333533343B66757365726E616D657C733A33323A226466306136633862346339326133636132313262306666656631306131646562223B6670617373776F72647C733A33323A223263653139636535363734373737363138353336383534383631363439336465223B555F5F4C4F47474544494E7C623A313B555F5F49447C733A313A2233223B555F5F4E414D457C733A31333A224F7065726173696F6E616C2031223B555F5F555345524E414D457C733A31313A226F7065726173696F6E616C223B555F5F47524F55505F49447C733A313A2232223B555F5F47524F55505F4E414D457C733A31313A224F7065726173696F6E616C223B555F5F5045525553414841414E7C733A313A2231223B555F5F5045525553414841414E5F4E414D457C733A31393A2250542E20536E65706163205368697070696E67223B555F5F50454E414E4747554E475F4A415741427C733A31383A2250656E616E6767756E67204A617761622031223B);
INSERT INTO `sessions` VALUES ('11037f0ca69b2ed84e759715cadd68791c366f11', '::1', '1475254129', 0x5F5F63695F6C6173745F726567656E65726174657C693A313437353235333834333B66757365726E616D657C733A33323A226466306136633862346339326133636132313262306666656631306131646562223B6670617373776F72647C733A33323A223263653139636535363734373737363138353336383534383631363439336465223B555F5F4C4F47474544494E7C623A313B555F5F49447C733A313A2233223B555F5F4E414D457C733A31333A224F7065726173696F6E616C2031223B555F5F555345524E414D457C733A31313A226F7065726173696F6E616C223B555F5F47524F55505F49447C733A313A2232223B555F5F47524F55505F4E414D457C733A31313A224F7065726173696F6E616C223B555F5F5045525553414841414E7C733A313A2231223B555F5F5045525553414841414E5F4E414D457C733A31393A2250542E20536E65706163205368697070696E67223B555F5F50454E414E4747554E475F4A415741427C733A31383A2250656E616E6767756E67204A617761622031223B);
INSERT INTO `sessions` VALUES ('58dfc99c87fcd26baa8153d44b2146fde8cd00a5', '::1', '1475254451', 0x5F5F63695F6C6173745F726567656E65726174657C693A313437353235343135343B66757365726E616D657C733A33323A226466306136633862346339326133636132313262306666656631306131646562223B6670617373776F72647C733A33323A223263653139636535363734373737363138353336383534383631363439336465223B555F5F4C4F47474544494E7C623A313B555F5F49447C733A313A2233223B555F5F4E414D457C733A31333A224F7065726173696F6E616C2031223B555F5F555345524E414D457C733A31313A226F7065726173696F6E616C223B555F5F47524F55505F49447C733A313A2232223B555F5F47524F55505F4E414D457C733A31313A224F7065726173696F6E616C223B555F5F5045525553414841414E7C733A313A2231223B555F5F5045525553414841414E5F4E414D457C733A31393A2250542E20536E65706163205368697070696E67223B555F5F50454E414E4747554E475F4A415741427C733A31383A2250656E616E6767756E67204A617761622031223B);
INSERT INTO `sessions` VALUES ('f622b0ce870ab34c04fd8e4892183ec1bcd4687f', '::1', '1475254763', 0x5F5F63695F6C6173745F726567656E65726174657C693A313437353235343437363B66757365726E616D657C733A33323A226466306136633862346339326133636132313262306666656631306131646562223B6670617373776F72647C733A33323A223263653139636535363734373737363138353336383534383631363439336465223B555F5F4C4F47474544494E7C623A313B555F5F49447C733A313A2233223B555F5F4E414D457C733A31333A224F7065726173696F6E616C2031223B555F5F555345524E414D457C733A31313A226F7065726173696F6E616C223B555F5F47524F55505F49447C733A313A2232223B555F5F47524F55505F4E414D457C733A31313A224F7065726173696F6E616C223B555F5F5045525553414841414E7C733A313A2231223B555F5F5045525553414841414E5F4E414D457C733A31393A2250542E20536E65706163205368697070696E67223B555F5F50454E414E4747554E475F4A415741427C733A31383A2250656E616E6767756E67204A617761622031223B);
INSERT INTO `sessions` VALUES ('b71fc5b4e6c72d472d6fd91307ff5d5c5169392d', '::1', '1475255030', 0x5F5F63695F6C6173745F726567656E65726174657C693A313437353235343739313B66757365726E616D657C733A33323A226466306136633862346339326133636132313262306666656631306131646562223B6670617373776F72647C733A33323A223263653139636535363734373737363138353336383534383631363439336465223B555F5F4C4F47474544494E7C623A313B555F5F49447C733A313A2233223B555F5F4E414D457C733A31333A224F7065726173696F6E616C2031223B555F5F555345524E414D457C733A31313A226F7065726173696F6E616C223B555F5F47524F55505F49447C733A313A2232223B555F5F47524F55505F4E414D457C733A31313A224F7065726173696F6E616C223B555F5F5045525553414841414E7C733A313A2231223B555F5F5045525553414841414E5F4E414D457C733A31393A2250542E20536E65706163205368697070696E67223B555F5F50454E414E4747554E475F4A415741427C733A31383A2250656E616E6767756E67204A617761622031223B);
INSERT INTO `sessions` VALUES ('6cde4cbf1eaff57bb487d7367825baff4f8cbde9', '::1', '1475255519', 0x5F5F63695F6C6173745F726567656E65726174657C693A313437353235353531393B66757365726E616D657C733A33323A226466306136633862346339326133636132313262306666656631306131646562223B6670617373776F72647C733A33323A223263653139636535363734373737363138353336383534383631363439336465223B555F5F4C4F47474544494E7C623A313B555F5F49447C733A313A2233223B555F5F4E414D457C733A31333A224F7065726173696F6E616C2031223B555F5F555345524E414D457C733A31313A226F7065726173696F6E616C223B555F5F47524F55505F49447C733A313A2232223B555F5F47524F55505F4E414D457C733A31313A224F7065726173696F6E616C223B555F5F5045525553414841414E7C733A313A2231223B555F5F5045525553414841414E5F4E414D457C733A31393A2250542E20536E65706163205368697070696E67223B555F5F50454E414E4747554E475F4A415741427C733A31383A2250656E616E6767756E67204A617761622031223B);
INSERT INTO `sessions` VALUES ('b8c5dc8a34a293a2070e56a16d86510a19c684fc', '::1', '1475256222', 0x5F5F63695F6C6173745F726567656E65726174657C693A313437353235353938313B66757365726E616D657C733A33323A226466306136633862346339326133636132313262306666656631306131646562223B6670617373776F72647C733A33323A223263653139636535363734373737363138353336383534383631363439336465223B555F5F4C4F47474544494E7C623A313B555F5F49447C733A313A2233223B555F5F4E414D457C733A31333A224F7065726173696F6E616C2031223B555F5F555345524E414D457C733A31313A226F7065726173696F6E616C223B555F5F47524F55505F49447C733A313A2232223B555F5F47524F55505F4E414D457C733A31313A224F7065726173696F6E616C223B555F5F5045525553414841414E7C733A313A2231223B555F5F5045525553414841414E5F4E414D457C733A31393A2250542E20536E65706163205368697070696E67223B555F5F50454E414E4747554E475F4A415741427C733A31383A2250656E616E6767756E67204A617761622031223B);
INSERT INTO `sessions` VALUES ('6fbfbf5c07cf84990160ffe92351a27e36f8f96f', '::1', '1475256550', 0x5F5F63695F6C6173745F726567656E65726174657C693A313437353235363531373B66757365726E616D657C733A33323A226466306136633862346339326133636132313262306666656631306131646562223B6670617373776F72647C733A33323A223263653139636535363734373737363138353336383534383631363439336465223B555F5F4C4F47474544494E7C623A313B555F5F49447C733A313A2233223B555F5F4E414D457C733A31333A224F7065726173696F6E616C2031223B555F5F555345524E414D457C733A31313A226F7065726173696F6E616C223B555F5F47524F55505F49447C733A313A2232223B555F5F47524F55505F4E414D457C733A31313A224F7065726173696F6E616C223B555F5F5045525553414841414E7C733A313A2231223B555F5F5045525553414841414E5F4E414D457C733A31393A2250542E20536E65706163205368697070696E67223B555F5F50454E414E4747554E475F4A415741427C733A31383A2250656E616E6767756E67204A617761622031223B);
INSERT INTO `sessions` VALUES ('c7b704ba4445b502ca844694e329d848099ea20e', '::1', '1475281653', 0x5F5F63695F6C6173745F726567656E65726174657C693A313437353238313436363B66757365726E616D657C733A33323A226466306136633862346339326133636132313262306666656631306131646562223B6670617373776F72647C733A33323A223263653139636535363734373737363138353336383534383631363439336465223B555F5F4C4F47474544494E7C623A313B555F5F49447C733A313A2233223B555F5F4E414D457C733A31333A224F7065726173696F6E616C2031223B555F5F555345524E414D457C733A31313A226F7065726173696F6E616C223B555F5F47524F55505F49447C733A313A2232223B555F5F47524F55505F4E414D457C733A31313A224F7065726173696F6E616C223B555F5F5045525553414841414E7C733A313A2231223B555F5F5045525553414841414E5F4E414D457C733A31393A2250542E20536E65706163205368697070696E67223B555F5F50454E414E4747554E475F4A415741427C733A31383A2250656E616E6767756E67204A617761622031223B);
INSERT INTO `sessions` VALUES ('a7bb2ddbf372b6e0f757652d2e9bfa4a57b7bbeb', '::1', '1475282022', 0x5F5F63695F6C6173745F726567656E65726174657C693A313437353238313739353B66757365726E616D657C733A33323A226466306136633862346339326133636132313262306666656631306131646562223B6670617373776F72647C733A33323A223263653139636535363734373737363138353336383534383631363439336465223B555F5F4C4F47474544494E7C623A313B555F5F49447C733A313A2233223B555F5F4E414D457C733A31333A224F7065726173696F6E616C2031223B555F5F555345524E414D457C733A31313A226F7065726173696F6E616C223B555F5F47524F55505F49447C733A313A2232223B555F5F47524F55505F4E414D457C733A31313A224F7065726173696F6E616C223B555F5F5045525553414841414E7C733A313A2231223B555F5F5045525553414841414E5F4E414D457C733A31393A2250542E20536E65706163205368697070696E67223B555F5F50454E414E4747554E475F4A415741427C733A31383A2250656E616E6767756E67204A617761622031223B);
INSERT INTO `sessions` VALUES ('8c2ff7f7d3ea805193f824c63b5c124584caf62c', '::1', '1475282706', 0x5F5F63695F6C6173745F726567656E65726174657C693A313437353238323432323B66757365726E616D657C733A33323A226466306136633862346339326133636132313262306666656631306131646562223B6670617373776F72647C733A33323A223263653139636535363734373737363138353336383534383631363439336465223B555F5F4C4F47474544494E7C623A313B555F5F49447C733A313A2233223B555F5F4E414D457C733A31333A224F7065726173696F6E616C2031223B555F5F555345524E414D457C733A31313A226F7065726173696F6E616C223B555F5F47524F55505F49447C733A313A2232223B555F5F47524F55505F4E414D457C733A31313A224F7065726173696F6E616C223B555F5F5045525553414841414E7C733A313A2231223B555F5F5045525553414841414E5F4E414D457C733A31393A2250542E20536E65706163205368697070696E67223B555F5F50454E414E4747554E475F4A415741427C733A31383A2250656E616E6767756E67204A617761622031223B);
INSERT INTO `sessions` VALUES ('48ceda29ad2491e7880f68e2272750a684143813', '::1', '1475283052', 0x5F5F63695F6C6173745F726567656E65726174657C693A313437353238323738353B66757365726E616D657C733A33323A226466306136633862346339326133636132313262306666656631306131646562223B6670617373776F72647C733A33323A223263653139636535363734373737363138353336383534383631363439336465223B555F5F4C4F47474544494E7C623A313B555F5F49447C733A313A2233223B555F5F4E414D457C733A31333A224F7065726173696F6E616C2031223B555F5F555345524E414D457C733A31313A226F7065726173696F6E616C223B555F5F47524F55505F49447C733A313A2232223B555F5F47524F55505F4E414D457C733A31313A224F7065726173696F6E616C223B555F5F5045525553414841414E7C733A313A2231223B555F5F5045525553414841414E5F4E414D457C733A31393A2250542E20536E65706163205368697070696E67223B555F5F50454E414E4747554E475F4A415741427C733A31383A2250656E616E6767756E67204A617761622031223B);
INSERT INTO `sessions` VALUES ('eb91ef1b5b0e780833a6af42433097add67a379e', '::1', '1475283158', 0x5F5F63695F6C6173745F726567656E65726174657C693A313437353238333134303B66757365726E616D657C733A33323A226466306136633862346339326133636132313262306666656631306131646562223B6670617373776F72647C733A33323A223263653139636535363734373737363138353336383534383631363439336465223B555F5F4C4F47474544494E7C623A313B555F5F49447C733A313A2233223B555F5F4E414D457C733A31333A224F7065726173696F6E616C2031223B555F5F555345524E414D457C733A31313A226F7065726173696F6E616C223B555F5F47524F55505F49447C733A313A2232223B555F5F47524F55505F4E414D457C733A31313A224F7065726173696F6E616C223B555F5F5045525553414841414E7C733A313A2231223B555F5F5045525553414841414E5F4E414D457C733A31393A2250542E20536E65706163205368697070696E67223B555F5F50454E414E4747554E475F4A415741427C733A31383A2250656E616E6767756E67204A617761622031223B);
INSERT INTO `sessions` VALUES ('dfc6623cda082dd032f81950f174cdd019bd36c3', '::1', '1475286565', 0x5F5F63695F6C6173745F726567656E65726174657C693A313437353238333533323B66757365726E616D657C733A33323A226466306136633862346339326133636132313262306666656631306131646562223B6670617373776F72647C733A33323A223263653139636535363734373737363138353336383534383631363439336465223B555F5F4C4F47474544494E7C623A313B555F5F49447C733A313A2233223B555F5F4E414D457C733A31333A224F7065726173696F6E616C2031223B555F5F555345524E414D457C733A31313A226F7065726173696F6E616C223B555F5F47524F55505F49447C733A313A2232223B555F5F47524F55505F4E414D457C733A31313A224F7065726173696F6E616C223B555F5F5045525553414841414E7C733A313A2231223B555F5F5045525553414841414E5F4E414D457C733A31393A2250542E20536E65706163205368697070696E67223B555F5F50454E414E4747554E475F4A415741427C733A31383A2250656E616E6767756E67204A617761622031223B);
INSERT INTO `sessions` VALUES ('7ccb12e6e3e3639ace2ec86731aabe2b38ca055d', '::1', '1475286782', 0x5F5F63695F6C6173745F726567656E65726174657C693A313437353238363631373B66757365726E616D657C733A33323A226466306136633862346339326133636132313262306666656631306131646562223B6670617373776F72647C733A33323A223263653139636535363734373737363138353336383534383631363439336465223B555F5F4C4F47474544494E7C623A313B555F5F49447C733A313A2233223B555F5F4E414D457C733A31333A224F7065726173696F6E616C2031223B555F5F555345524E414D457C733A31313A226F7065726173696F6E616C223B555F5F47524F55505F49447C733A313A2232223B555F5F47524F55505F4E414D457C733A31313A224F7065726173696F6E616C223B555F5F5045525553414841414E7C733A313A2231223B555F5F5045525553414841414E5F4E414D457C733A31393A2250542E20536E65706163205368697070696E67223B555F5F50454E414E4747554E475F4A415741427C733A31383A2250656E616E6767756E67204A617761622031223B);
INSERT INTO `sessions` VALUES ('8f2ce242f0c521846ecf0ca14a41be1f68eef1b1', '::1', '1475296947', 0x5F5F63695F6C6173745F726567656E65726174657C693A313437353239363736343B66757365726E616D657C733A33323A226466306136633862346339326133636132313262306666656631306131646562223B6670617373776F72647C733A33323A223263653139636535363734373737363138353336383534383631363439336465223B555F5F4C4F47474544494E7C623A313B555F5F49447C733A313A2233223B555F5F4E414D457C733A31333A224F7065726173696F6E616C2031223B555F5F555345524E414D457C733A31313A226F7065726173696F6E616C223B555F5F47524F55505F49447C733A313A2232223B555F5F47524F55505F4E414D457C733A31313A224F7065726173696F6E616C223B555F5F5045525553414841414E7C733A313A2231223B555F5F5045525553414841414E5F4E414D457C733A31393A2250542E20536E65706163205368697070696E67223B555F5F50454E414E4747554E475F4A415741427C733A31383A2250656E616E6767756E67204A617761622031223B);
INSERT INTO `sessions` VALUES ('80d94ec207529257469f2877a353e0d7cc9d973a', '::1', '1475299042', 0x5F5F63695F6C6173745F726567656E65726174657C693A313437353239383732383B66757365726E616D657C733A33323A226466306136633862346339326133636132313262306666656631306131646562223B6670617373776F72647C733A33323A223263653139636535363734373737363138353336383534383631363439336465223B555F5F4C4F47474544494E7C623A313B555F5F49447C733A313A2233223B555F5F4E414D457C733A31333A224F7065726173696F6E616C2031223B555F5F555345524E414D457C733A31313A226F7065726173696F6E616C223B555F5F47524F55505F49447C733A313A2232223B555F5F47524F55505F4E414D457C733A31313A224F7065726173696F6E616C223B555F5F5045525553414841414E7C733A313A2231223B555F5F5045525553414841414E5F4E414D457C733A31393A2250542E20536E65706163205368697070696E67223B555F5F50454E414E4747554E475F4A415741427C733A31383A2250656E616E6767756E67204A617761622031223B);
INSERT INTO `sessions` VALUES ('29893b63245baa09adf693f82fd7de730f127e0e', '::1', '1475299262', 0x5F5F63695F6C6173745F726567656E65726174657C693A313437353239393035333B66757365726E616D657C733A33323A226466306136633862346339326133636132313262306666656631306131646562223B6670617373776F72647C733A33323A223263653139636535363734373737363138353336383534383631363439336465223B555F5F4C4F47474544494E7C623A313B555F5F49447C733A313A2233223B555F5F4E414D457C733A31333A224F7065726173696F6E616C2031223B555F5F555345524E414D457C733A31313A226F7065726173696F6E616C223B555F5F47524F55505F49447C733A313A2232223B555F5F47524F55505F4E414D457C733A31313A224F7065726173696F6E616C223B555F5F5045525553414841414E7C733A313A2231223B555F5F5045525553414841414E5F4E414D457C733A31393A2250542E20536E65706163205368697070696E67223B555F5F50454E414E4747554E475F4A415741427C733A31383A2250656E616E6767756E67204A617761622031223B);
INSERT INTO `sessions` VALUES ('73b8a808a005c13ec081928964c4ccbb2d908d8f', '::1', '1475302147', 0x5F5F63695F6C6173745F726567656E65726174657C693A313437353330313837383B66757365726E616D657C733A33323A226466306136633862346339326133636132313262306666656631306131646562223B6670617373776F72647C733A33323A223263653139636535363734373737363138353336383534383631363439336465223B555F5F4C4F47474544494E7C623A313B555F5F49447C733A313A2233223B555F5F4E414D457C733A31333A224F7065726173696F6E616C2031223B555F5F555345524E414D457C733A31313A226F7065726173696F6E616C223B555F5F47524F55505F49447C733A313A2232223B555F5F47524F55505F4E414D457C733A31313A224F7065726173696F6E616C223B555F5F5045525553414841414E7C733A313A2231223B555F5F5045525553414841414E5F4E414D457C733A31393A2250542E20536E65706163205368697070696E67223B555F5F50454E414E4747554E475F4A415741427C733A31383A2250656E616E6767756E67204A617761622031223B);
INSERT INTO `sessions` VALUES ('b7dbb80213e3559a5104bf40ea1201b1d659cfef', '::1', '1475302432', 0x5F5F63695F6C6173745F726567656E65726174657C693A313437353330323138373B66757365726E616D657C733A33323A226466306136633862346339326133636132313262306666656631306131646562223B6670617373776F72647C733A33323A223263653139636535363734373737363138353336383534383631363439336465223B555F5F4C4F47474544494E7C623A313B555F5F49447C733A313A2233223B555F5F4E414D457C733A31333A224F7065726173696F6E616C2031223B555F5F555345524E414D457C733A31313A226F7065726173696F6E616C223B555F5F47524F55505F49447C733A313A2232223B555F5F47524F55505F4E414D457C733A31313A224F7065726173696F6E616C223B555F5F5045525553414841414E7C733A313A2231223B555F5F5045525553414841414E5F4E414D457C733A31393A2250542E20536E65706163205368697070696E67223B555F5F50454E414E4747554E475F4A415741427C733A31383A2250656E616E6767756E67204A617761622031223B);
INSERT INTO `sessions` VALUES ('2cb305ed4032efd4a911ab12380aaedfb8b51868', '::1', '1475302499', 0x5F5F63695F6C6173745F726567656E65726174657C693A313437353330323439353B66757365726E616D657C733A33323A226466306136633862346339326133636132313262306666656631306131646562223B6670617373776F72647C733A33323A223263653139636535363734373737363138353336383534383631363439336465223B555F5F4C4F47474544494E7C623A313B555F5F49447C733A313A2233223B555F5F4E414D457C733A31333A224F7065726173696F6E616C2031223B555F5F555345524E414D457C733A31313A226F7065726173696F6E616C223B555F5F47524F55505F49447C733A313A2232223B555F5F47524F55505F4E414D457C733A31313A224F7065726173696F6E616C223B555F5F5045525553414841414E7C733A313A2231223B555F5F5045525553414841414E5F4E414D457C733A31393A2250542E20536E65706163205368697070696E67223B555F5F50454E414E4747554E475F4A415741427C733A31383A2250656E616E6767756E67204A617761622031223B);
INSERT INTO `sessions` VALUES ('c0d64a41f441cae1cb29ca243f09c752d315d5b1', '::1', '1475313900', 0x5F5F63695F6C6173745F726567656E65726174657C693A313437353330383839323B66757365726E616D657C733A33323A226466306136633862346339326133636132313262306666656631306131646562223B6670617373776F72647C733A33323A223263653139636535363734373737363138353336383534383631363439336465223B555F5F4C4F47474544494E7C623A313B555F5F49447C733A313A2233223B555F5F4E414D457C733A31333A224F7065726173696F6E616C2031223B555F5F555345524E414D457C733A31313A226F7065726173696F6E616C223B555F5F47524F55505F49447C733A313A2232223B555F5F47524F55505F4E414D457C733A31313A224F7065726173696F6E616C223B555F5F5045525553414841414E7C733A313A2231223B555F5F5045525553414841414E5F4E414D457C733A31393A2250542E20536E65706163205368697070696E67223B555F5F50454E414E4747554E475F4A415741427C733A31383A2250656E616E6767756E67204A617761622031223B);
INSERT INTO `sessions` VALUES ('43a4c030d2091d25780f2c19b7619a391939f628', '::1', '1475328273', 0x5F5F63695F6C6173745F726567656E65726174657C693A313437353332383230323B66757365726E616D657C733A33323A226466306136633862346339326133636132313262306666656631306131646562223B6670617373776F72647C733A33323A223263653139636535363734373737363138353336383534383631363439336465223B555F5F4C4F47474544494E7C623A313B555F5F49447C733A313A2233223B555F5F4E414D457C733A31333A224F7065726173696F6E616C2031223B555F5F555345524E414D457C733A31313A226F7065726173696F6E616C223B555F5F47524F55505F49447C733A313A2232223B555F5F47524F55505F4E414D457C733A31313A224F7065726173696F6E616C223B555F5F5045525553414841414E7C733A313A2231223B555F5F5045525553414841414E5F4E414D457C733A31393A2250542E20536E65706163205368697070696E67223B555F5F50454E414E4747554E475F4A415741427C733A31383A2250656E616E6767756E67204A617761622031223B);
INSERT INTO `sessions` VALUES ('1daf5f42d43c781dd2f6158462fe64dd4bdb3e14', '::1', '1475328564', 0x5F5F63695F6C6173745F726567656E65726174657C693A313437353332383534393B66757365726E616D657C733A33323A226466306136633862346339326133636132313262306666656631306131646562223B6670617373776F72647C733A33323A223263653139636535363734373737363138353336383534383631363439336465223B555F5F4C4F47474544494E7C623A313B555F5F49447C733A313A2233223B555F5F4E414D457C733A31333A224F7065726173696F6E616C2031223B555F5F555345524E414D457C733A31313A226F7065726173696F6E616C223B555F5F47524F55505F49447C733A313A2232223B555F5F47524F55505F4E414D457C733A31313A224F7065726173696F6E616C223B555F5F5045525553414841414E7C733A313A2231223B555F5F5045525553414841414E5F4E414D457C733A31393A2250542E20536E65706163205368697070696E67223B555F5F50454E414E4747554E475F4A415741427C733A31383A2250656E616E6767756E67204A617761622031223B);
INSERT INTO `sessions` VALUES ('f6db2ca17ee9f5957a53a97d57d1b23416aa2ec9', '::1', '1475330897', 0x5F5F63695F6C6173745F726567656E65726174657C693A313437353332393533383B66757365726E616D657C733A33323A226466306136633862346339326133636132313262306666656631306131646562223B6670617373776F72647C733A33323A223263653139636535363734373737363138353336383534383631363439336465223B555F5F4C4F47474544494E7C623A313B555F5F49447C733A313A2233223B555F5F4E414D457C733A31333A224F7065726173696F6E616C2031223B555F5F555345524E414D457C733A31313A226F7065726173696F6E616C223B555F5F47524F55505F49447C733A313A2232223B555F5F47524F55505F4E414D457C733A31313A224F7065726173696F6E616C223B555F5F5045525553414841414E7C733A313A2231223B555F5F5045525553414841414E5F4E414D457C733A31393A2250542E20536E65706163205368697070696E67223B555F5F50454E414E4747554E475F4A415741427C733A31383A2250656E616E6767756E67204A617761622031223B);
INSERT INTO `sessions` VALUES ('38b7dfaa7eeadd2ae508c33bf7470eca2304c7b0', '::1', '1475331857', 0x5F5F63695F6C6173745F726567656E65726174657C693A313437353333303935323B66757365726E616D657C733A33323A226466306136633862346339326133636132313262306666656631306131646562223B6670617373776F72647C733A33323A223263653139636535363734373737363138353336383534383631363439336465223B555F5F4C4F47474544494E7C623A313B555F5F49447C733A313A2233223B555F5F4E414D457C733A31333A224F7065726173696F6E616C2031223B555F5F555345524E414D457C733A31313A226F7065726173696F6E616C223B555F5F47524F55505F49447C733A313A2232223B555F5F47524F55505F4E414D457C733A31313A224F7065726173696F6E616C223B555F5F5045525553414841414E7C733A313A2231223B555F5F5045525553414841414E5F4E414D457C733A31393A2250542E20536E65706163205368697070696E67223B555F5F50454E414E4747554E475F4A415741427C733A31383A2250656E616E6767756E67204A617761622031223B);
INSERT INTO `sessions` VALUES ('2fc93c9689cb868f7b7a5ed1f8f3e7ec53be1846', '::1', '1475333186', 0x5F5F63695F6C6173745F726567656E65726174657C693A313437353333323030333B66757365726E616D657C733A33323A226466306136633862346339326133636132313262306666656631306131646562223B6670617373776F72647C733A33323A223263653139636535363734373737363138353336383534383631363439336465223B555F5F4C4F47474544494E7C623A313B555F5F49447C733A313A2233223B555F5F4E414D457C733A31333A224F7065726173696F6E616C2031223B555F5F555345524E414D457C733A31313A226F7065726173696F6E616C223B555F5F47524F55505F49447C733A313A2232223B555F5F47524F55505F4E414D457C733A31313A224F7065726173696F6E616C223B555F5F5045525553414841414E7C733A313A2231223B555F5F5045525553414841414E5F4E414D457C733A31393A2250542E20536E65706163205368697070696E67223B555F5F50454E414E4747554E475F4A415741427C733A31383A2250656E616E6767756E67204A617761622031223B);
INSERT INTO `sessions` VALUES ('3c5c2740b61ac8155e51cd9d78db63feeb84a975', '::1', '1475334573', 0x5F5F63695F6C6173745F726567656E65726174657C693A313437353333343337333B66757365726E616D657C733A33323A226466306136633862346339326133636132313262306666656631306131646562223B6670617373776F72647C733A33323A223263653139636535363734373737363138353336383534383631363439336465223B555F5F4C4F47474544494E7C623A313B555F5F49447C733A313A2233223B555F5F4E414D457C733A31333A224F7065726173696F6E616C2031223B555F5F555345524E414D457C733A31313A226F7065726173696F6E616C223B555F5F47524F55505F49447C733A313A2232223B555F5F47524F55505F4E414D457C733A31313A224F7065726173696F6E616C223B555F5F5045525553414841414E7C733A313A2231223B555F5F5045525553414841414E5F4E414D457C733A31393A2250542E20536E65706163205368697070696E67223B555F5F50454E414E4747554E475F4A415741427C733A31383A2250656E616E6767756E67204A617761622031223B);
INSERT INTO `sessions` VALUES ('eb05aeddebc3dccad1eac21112b95b9f6efe9c78', '::1', '1475340544', 0x5F5F63695F6C6173745F726567656E65726174657C693A313437353334303136383B66757365726E616D657C733A33323A223862656564613765323235343832646132386464656462353937373332303564223B6670617373776F72647C733A33323A223163313465663036313135393062313764633839396532353834663139373263223B555F5F4C4F47474544494E7C623A313B555F5F49447C733A313A2232223B555F5F4E414D457C733A353A2241646D696E223B555F5F555345524E414D457C733A353A2261646D696E223B555F5F47524F55505F49447C733A313A2231223B555F5F47524F55505F4E414D457C733A353A2241646D696E223B555F5F5045525553414841414E7C733A303A22223B555F5F5045525553414841414E5F4E414D457C733A303A22223B555F5F50454E414E4747554E475F4A415741427C733A303A22223B);
INSERT INTO `sessions` VALUES ('46b6ef45429ff4d10f0bf5d21baecdaf569b298b', '::1', '1475340704', 0x5F5F63695F6C6173745F726567656E65726174657C693A313437353334303638393B66757365726E616D657C733A33323A223262373564623834393537333438373037323334386630666535633362633163223B6670617373776F72647C733A33323A223465343764323936613564376165303764336233373030613765303139326166223B);
INSERT INTO `sessions` VALUES ('2a9555253a54ce94efd846d947e16eb6a3bef346', '::1', '1475344706', 0x5F5F63695F6C6173745F726567656E65726174657C693A313437353334343437393B66757365726E616D657C733A33323A223262373564623834393537333438373037323334386630666535633362633163223B6670617373776F72647C733A33323A223465343764323936613564376165303764336233373030613765303139326166223B555F5F4C4F47474544494E7C623A313B555F5F49447C733A313A2233223B555F5F4E414D457C733A31333A224F7065726173696F6E616C2031223B555F5F555345524E414D457C733A31313A226F7065726173696F6E616C223B555F5F47524F55505F49447C733A313A2232223B555F5F47524F55505F4E414D457C733A31313A224F7065726173696F6E616C223B555F5F5045525553414841414E7C733A313A2232223B555F5F5045525553414841414E5F4E414D457C733A32353A2250542E20534E45504143204D554C54494E444F205554414D41223B555F5F50454E414E4747554E475F4A415741427C733A31383A2250454E414E4747554E47204A415741422032223B);
INSERT INTO `sessions` VALUES ('c38bd289a91608c6938350cb7c62a9a1e0bc20d2', '::1', '1475344971', 0x5F5F63695F6C6173745F726567656E65726174657C693A313437353334343937313B66757365726E616D657C733A33323A223262373564623834393537333438373037323334386630666535633362633163223B6670617373776F72647C733A33323A223465343764323936613564376165303764336233373030613765303139326166223B555F5F4C4F47474544494E7C623A313B555F5F49447C733A313A2233223B555F5F4E414D457C733A31333A224F7065726173696F6E616C2031223B555F5F555345524E414D457C733A31313A226F7065726173696F6E616C223B555F5F47524F55505F49447C733A313A2232223B555F5F47524F55505F4E414D457C733A31313A224F7065726173696F6E616C223B555F5F5045525553414841414E7C733A313A2232223B555F5F5045525553414841414E5F4E414D457C733A32353A2250542E20534E45504143204D554C54494E444F205554414D41223B555F5F50454E414E4747554E475F4A415741427C733A31383A2250454E414E4747554E47204A415741422032223B);
INSERT INTO `sessions` VALUES ('5246cb959583a7f910771533a9c7ddbd6197eabe', '::1', '1475346345', 0x5F5F63695F6C6173745F726567656E65726174657C693A313437353334363230353B66757365726E616D657C733A33323A223262373564623834393537333438373037323334386630666535633362633163223B6670617373776F72647C733A33323A223465343764323936613564376165303764336233373030613765303139326166223B555F5F4C4F47474544494E7C623A313B555F5F49447C733A313A2233223B555F5F4E414D457C733A31333A224F7065726173696F6E616C2031223B555F5F555345524E414D457C733A31313A226F7065726173696F6E616C223B555F5F47524F55505F49447C733A313A2232223B555F5F47524F55505F4E414D457C733A31313A224F7065726173696F6E616C223B555F5F5045525553414841414E7C733A313A2232223B555F5F5045525553414841414E5F4E414D457C733A32353A2250542E20534E45504143204D554C54494E444F205554414D41223B555F5F50454E414E4747554E475F4A415741427C733A31383A2250454E414E4747554E47204A415741422032223B);
INSERT INTO `sessions` VALUES ('62d74556c4d54cf9912da3f1f8a0e6cbb0927a51', '::1', '1475346840', 0x5F5F63695F6C6173745F726567656E65726174657C693A313437353334363535313B66757365726E616D657C733A33323A223262373564623834393537333438373037323334386630666535633362633163223B6670617373776F72647C733A33323A223465343764323936613564376165303764336233373030613765303139326166223B555F5F4C4F47474544494E7C623A313B555F5F49447C733A313A2233223B555F5F4E414D457C733A31333A224F7065726173696F6E616C2031223B555F5F555345524E414D457C733A31313A226F7065726173696F6E616C223B555F5F47524F55505F49447C733A313A2232223B555F5F47524F55505F4E414D457C733A31313A224F7065726173696F6E616C223B555F5F5045525553414841414E7C733A313A2232223B555F5F5045525553414841414E5F4E414D457C733A32353A2250542E20534E45504143204D554C54494E444F205554414D41223B555F5F50454E414E4747554E475F4A415741427C733A31383A2250454E414E4747554E47204A415741422032223B);
INSERT INTO `sessions` VALUES ('843ebe95c12b1ab954306fde634e5f3534e60bc2', '::1', '1475347125', 0x5F5F63695F6C6173745F726567656E65726174657C693A313437353334363835333B66757365726E616D657C733A33323A223262373564623834393537333438373037323334386630666535633362633163223B6670617373776F72647C733A33323A223465343764323936613564376165303764336233373030613765303139326166223B555F5F4C4F47474544494E7C623A313B555F5F49447C733A313A2233223B555F5F4E414D457C733A31333A224F7065726173696F6E616C2031223B555F5F555345524E414D457C733A31313A226F7065726173696F6E616C223B555F5F47524F55505F49447C733A313A2232223B555F5F47524F55505F4E414D457C733A31313A224F7065726173696F6E616C223B555F5F5045525553414841414E7C733A313A2232223B555F5F5045525553414841414E5F4E414D457C733A32353A2250542E20534E45504143204D554C54494E444F205554414D41223B555F5F50454E414E4747554E475F4A415741427C733A31383A2250454E414E4747554E47204A415741422032223B);
INSERT INTO `sessions` VALUES ('613df46b1247987086efab273b4c19b611eb47c2', '::1', '1475347712', 0x5F5F63695F6C6173745F726567656E65726174657C693A313437353334373433363B66757365726E616D657C733A33323A223063663232336232386439306164343135363134653136333239646239306233223B6670617373776F72647C733A33323A223731663864366530363464333337306162353031373431383231323432623061223B555F5F4C4F47474544494E7C623A313B555F5F49447C733A313A2232223B555F5F4E414D457C733A353A2241646D696E223B555F5F555345524E414D457C733A353A2261646D696E223B555F5F47524F55505F49447C733A313A2231223B555F5F47524F55505F4E414D457C733A353A2241646D696E223B555F5F5045525553414841414E7C733A303A22223B555F5F5045525553414841414E5F4E414D457C733A303A22223B555F5F50454E414E4747554E475F4A415741427C733A303A22223B);
INSERT INTO `sessions` VALUES ('3884fa855fa3f4e681f5f547ae520deaa42543ed', '::1', '1475348031', 0x5F5F63695F6C6173745F726567656E65726174657C693A313437353334373737343B66757365726E616D657C733A33323A223063663232336232386439306164343135363134653136333239646239306233223B6670617373776F72647C733A33323A223731663864366530363464333337306162353031373431383231323432623061223B555F5F4C4F47474544494E7C623A313B555F5F49447C733A313A2232223B555F5F4E414D457C733A353A2241646D696E223B555F5F555345524E414D457C733A353A2261646D696E223B555F5F47524F55505F49447C733A313A2231223B555F5F47524F55505F4E414D457C733A353A2241646D696E223B555F5F5045525553414841414E7C733A303A22223B555F5F5045525553414841414E5F4E414D457C733A303A22223B555F5F50454E414E4747554E475F4A415741427C733A303A22223B);
INSERT INTO `sessions` VALUES ('952e4e17ac466a77702b438b1e204fcfc50c2d59', '::1', '1475348391', 0x5F5F63695F6C6173745F726567656E65726174657C693A313437353334383233373B66757365726E616D657C733A33323A223063663232336232386439306164343135363134653136333239646239306233223B6670617373776F72647C733A33323A223731663864366530363464333337306162353031373431383231323432623061223B555F5F4C4F47474544494E7C623A313B555F5F49447C733A313A2232223B555F5F4E414D457C733A353A2241646D696E223B555F5F555345524E414D457C733A353A2261646D696E223B555F5F47524F55505F49447C733A313A2231223B555F5F47524F55505F4E414D457C733A353A2241646D696E223B555F5F5045525553414841414E7C733A303A22223B555F5F5045525553414841414E5F4E414D457C733A303A22223B555F5F50454E414E4747554E475F4A415741427C733A303A22223B);
INSERT INTO `sessions` VALUES ('b63301a9b83c380f4215db33d55209f40a251fd9', '::1', '1475348727', 0x5F5F63695F6C6173745F726567656E65726174657C693A313437353334383732363B66757365726E616D657C733A33323A223063663232336232386439306164343135363134653136333239646239306233223B6670617373776F72647C733A33323A223731663864366530363464333337306162353031373431383231323432623061223B555F5F4C4F47474544494E7C623A313B555F5F49447C733A313A2232223B555F5F4E414D457C733A353A2241646D696E223B555F5F555345524E414D457C733A353A2261646D696E223B555F5F47524F55505F49447C733A313A2231223B555F5F47524F55505F4E414D457C733A353A2241646D696E223B555F5F5045525553414841414E7C733A303A22223B555F5F5045525553414841414E5F4E414D457C733A303A22223B555F5F50454E414E4747554E475F4A415741427C733A303A22223B);
INSERT INTO `sessions` VALUES ('5bcffd2c8dd0928243973c70cdd91cf93d90c3d4', '::1', '1475350030', 0x5F5F63695F6C6173745F726567656E65726174657C693A313437353334393237383B66757365726E616D657C733A33323A223063663232336232386439306164343135363134653136333239646239306233223B6670617373776F72647C733A33323A223731663864366530363464333337306162353031373431383231323432623061223B555F5F4C4F47474544494E7C623A313B555F5F49447C733A313A2232223B555F5F4E414D457C733A353A2241646D696E223B555F5F555345524E414D457C733A353A2261646D696E223B555F5F47524F55505F49447C733A313A2231223B555F5F47524F55505F4E414D457C733A353A2241646D696E223B555F5F5045525553414841414E7C733A303A22223B555F5F5045525553414841414E5F4E414D457C733A303A22223B555F5F50454E414E4747554E475F4A415741427C733A303A22223B);
INSERT INTO `sessions` VALUES ('49f1316663393d981191b0cb1a6f910e97de6973', '::1', '1475350331', 0x5F5F63695F6C6173745F726567656E65726174657C693A313437353335303033343B66757365726E616D657C733A33323A223063663232336232386439306164343135363134653136333239646239306233223B6670617373776F72647C733A33323A223731663864366530363464333337306162353031373431383231323432623061223B555F5F4C4F47474544494E7C623A313B555F5F49447C733A313A2232223B555F5F4E414D457C733A353A2241646D696E223B555F5F555345524E414D457C733A353A2261646D696E223B555F5F47524F55505F49447C733A313A2231223B555F5F47524F55505F4E414D457C733A353A2241646D696E223B555F5F5045525553414841414E7C733A303A22223B555F5F5045525553414841414E5F4E414D457C733A303A22223B555F5F50454E414E4747554E475F4A415741427C733A303A22223B);
INSERT INTO `sessions` VALUES ('9c7ab2e2f9cc1e0d8af7a8dce5bf27a7e598a4cc', '::1', '1475351789', 0x5F5F63695F6C6173745F726567656E65726174657C693A313437353335303430303B66757365726E616D657C733A33323A223063663232336232386439306164343135363134653136333239646239306233223B6670617373776F72647C733A33323A223731663864366530363464333337306162353031373431383231323432623061223B555F5F4C4F47474544494E7C623A313B555F5F49447C733A313A2232223B555F5F4E414D457C733A353A2241646D696E223B555F5F555345524E414D457C733A353A2261646D696E223B555F5F47524F55505F49447C733A313A2231223B555F5F47524F55505F4E414D457C733A353A2241646D696E223B555F5F5045525553414841414E7C733A303A22223B555F5F5045525553414841414E5F4E414D457C733A303A22223B555F5F50454E414E4747554E475F4A415741427C733A303A22223B);
INSERT INTO `sessions` VALUES ('957b4a6b12c9f3893c44a3bc5776baa5b38a311a', '::1', '1475352058', 0x5F5F63695F6C6173745F726567656E65726174657C693A313437353335323034313B66757365726E616D657C733A33323A223063663232336232386439306164343135363134653136333239646239306233223B6670617373776F72647C733A33323A223731663864366530363464333337306162353031373431383231323432623061223B555F5F4C4F47474544494E7C623A313B555F5F49447C733A313A2232223B555F5F4E414D457C733A353A2241646D696E223B555F5F555345524E414D457C733A353A2261646D696E223B555F5F47524F55505F49447C733A313A2231223B555F5F47524F55505F4E414D457C733A353A2241646D696E223B555F5F5045525553414841414E7C733A303A22223B555F5F5045525553414841414E5F4E414D457C733A303A22223B555F5F50454E414E4747554E475F4A415741427C733A303A22223B);
INSERT INTO `sessions` VALUES ('898d4f598881a0ed0f7f88a9f26ed9cb944e1717', '::1', '1475353102', 0x5F5F63695F6C6173745F726567656E65726174657C693A313437353335323538303B66757365726E616D657C733A33323A223063663232336232386439306164343135363134653136333239646239306233223B6670617373776F72647C733A33323A223731663864366530363464333337306162353031373431383231323432623061223B555F5F4C4F47474544494E7C623A313B555F5F49447C733A313A2232223B555F5F4E414D457C733A353A2241646D696E223B555F5F555345524E414D457C733A353A2261646D696E223B555F5F47524F55505F49447C733A313A2231223B555F5F47524F55505F4E414D457C733A353A2241646D696E223B555F5F5045525553414841414E7C733A303A22223B555F5F5045525553414841414E5F4E414D457C733A303A22223B555F5F50454E414E4747554E475F4A415741427C733A303A22223B);
INSERT INTO `sessions` VALUES ('5396942ca98d2751df5c685440e3861dd3568c0d', '::1', '1475353921', 0x5F5F63695F6C6173745F726567656E65726174657C693A313437353335333135383B66757365726E616D657C733A33323A223063663232336232386439306164343135363134653136333239646239306233223B6670617373776F72647C733A33323A223731663864366530363464333337306162353031373431383231323432623061223B555F5F4C4F47474544494E7C623A313B555F5F49447C733A313A2232223B555F5F4E414D457C733A353A2241646D696E223B555F5F555345524E414D457C733A353A2261646D696E223B555F5F47524F55505F49447C733A313A2231223B555F5F47524F55505F4E414D457C733A353A2241646D696E223B555F5F5045525553414841414E7C733A303A22223B555F5F5045525553414841414E5F4E414D457C733A303A22223B555F5F50454E414E4747554E475F4A415741427C733A303A22223B);
INSERT INTO `sessions` VALUES ('6e43eb3801ec0607fa50df24c584ab3fe0c726d3', '::1', '1475354153', 0x5F5F63695F6C6173745F726567656E65726174657C693A313437353335333937303B66757365726E616D657C733A33323A223063663232336232386439306164343135363134653136333239646239306233223B6670617373776F72647C733A33323A223731663864366530363464333337306162353031373431383231323432623061223B555F5F4C4F47474544494E7C623A313B555F5F49447C733A313A2232223B555F5F4E414D457C733A353A2241646D696E223B555F5F555345524E414D457C733A353A2261646D696E223B555F5F47524F55505F49447C733A313A2231223B555F5F47524F55505F4E414D457C733A353A2241646D696E223B555F5F5045525553414841414E7C733A303A22223B555F5F5045525553414841414E5F4E414D457C733A303A22223B555F5F50454E414E4747554E475F4A415741427C733A303A22223B);
INSERT INTO `sessions` VALUES ('45fb68b501414626e11531751eb9bd35d8ba7aa7', '::1', '1475354590', 0x5F5F63695F6C6173745F726567656E65726174657C693A313437353335343538373B66757365726E616D657C733A33323A223063663232336232386439306164343135363134653136333239646239306233223B6670617373776F72647C733A33323A223731663864366530363464333337306162353031373431383231323432623061223B555F5F4C4F47474544494E7C623A313B555F5F49447C733A313A2232223B555F5F4E414D457C733A353A2241646D696E223B555F5F555345524E414D457C733A353A2261646D696E223B555F5F47524F55505F49447C733A313A2231223B555F5F47524F55505F4E414D457C733A353A2241646D696E223B555F5F5045525553414841414E7C733A303A22223B555F5F5045525553414841414E5F4E414D457C733A303A22223B555F5F50454E414E4747554E475F4A415741427C733A303A22223B);
INSERT INTO `sessions` VALUES ('15476230fe840545c22e58691474755193dff79b', '::1', '1475357758', 0x66757365726E616D657C733A33323A223539663638366366646539616638616235356361323138376637356634363964223B6670617373776F72647C733A33323A226363346561343333336538376433323930363964363339333831656664373365223B5F5F63695F6C6173745F726567656E65726174657C693A313437353335373531343B555F5F4C4F47474544494E7C623A313B555F5F49447C733A313A2232223B555F5F4E414D457C733A353A2241646D696E223B555F5F555345524E414D457C733A353A2261646D696E223B555F5F47524F55505F49447C733A313A2231223B555F5F47524F55505F4E414D457C733A353A2241646D696E223B555F5F5045525553414841414E7C733A303A22223B555F5F5045525553414841414E5F4E414D457C733A303A22223B555F5F50454E414E4747554E475F4A415741427C733A303A22223B);
INSERT INTO `sessions` VALUES ('312231495ce7264ce89f8d5b004db03fc55fae6a', '::1', '1475375411', 0x66757365726E616D657C733A33323A223539663638366366646539616638616235356361323138376637356634363964223B6670617373776F72647C733A33323A226363346561343333336538376433323930363964363339333831656664373365223B5F5F63695F6C6173745F726567656E65726174657C693A313437353335373933333B555F5F4C4F47474544494E7C623A313B555F5F49447C733A313A2232223B555F5F4E414D457C733A353A2241646D696E223B555F5F555345524E414D457C733A353A2261646D696E223B555F5F47524F55505F49447C733A313A2231223B555F5F47524F55505F4E414D457C733A353A2241646D696E223B555F5F5045525553414841414E7C733A303A22223B555F5F5045525553414841414E5F4E414D457C733A303A22223B555F5F50454E414E4747554E475F4A415741427C733A303A22223B);
INSERT INTO `sessions` VALUES ('27afa96c00d14c3d93b36e4a21cbaf7402b52a7a', '::1', '1475376601', 0x66757365726E616D657C733A33323A223539663638366366646539616638616235356361323138376637356634363964223B6670617373776F72647C733A33323A226363346561343333336538376433323930363964363339333831656664373365223B5F5F63695F6C6173745F726567656E65726174657C693A313437353337363238373B555F5F4C4F47474544494E7C623A313B555F5F49447C733A313A2232223B555F5F4E414D457C733A353A2241646D696E223B555F5F555345524E414D457C733A353A2261646D696E223B555F5F47524F55505F49447C733A313A2231223B555F5F47524F55505F4E414D457C733A353A2241646D696E223B555F5F5045525553414841414E7C733A303A22223B555F5F5045525553414841414E5F4E414D457C733A303A22223B555F5F50454E414E4747554E475F4A415741427C733A303A22223B);
INSERT INTO `sessions` VALUES ('725ac1df7542a761cbdbb9b6c386a28187fa37ea', '::1', '1475376905', 0x66757365726E616D657C733A33323A223539663638366366646539616638616235356361323138376637356634363964223B6670617373776F72647C733A33323A226363346561343333336538376433323930363964363339333831656664373365223B5F5F63695F6C6173745F726567656E65726174657C693A313437353337363630373B555F5F4C4F47474544494E7C623A313B555F5F49447C733A313A2232223B555F5F4E414D457C733A353A2241646D696E223B555F5F555345524E414D457C733A353A2261646D696E223B555F5F47524F55505F49447C733A313A2231223B555F5F47524F55505F4E414D457C733A353A2241646D696E223B555F5F5045525553414841414E7C733A303A22223B555F5F5045525553414841414E5F4E414D457C733A303A22223B555F5F50454E414E4747554E475F4A415741427C733A303A22223B);
INSERT INTO `sessions` VALUES ('c371de653961972036dd312d269de5f2f007dcd8', '::1', '1475378649', 0x66757365726E616D657C733A33323A223539663638366366646539616638616235356361323138376637356634363964223B6670617373776F72647C733A33323A226363346561343333336538376433323930363964363339333831656664373365223B5F5F63695F6C6173745F726567656E65726174657C693A313437353337363932353B555F5F4C4F47474544494E7C623A313B555F5F49447C733A313A2232223B555F5F4E414D457C733A353A2241646D696E223B555F5F555345524E414D457C733A353A2261646D696E223B555F5F47524F55505F49447C733A313A2231223B555F5F47524F55505F4E414D457C733A353A2241646D696E223B555F5F5045525553414841414E7C733A303A22223B555F5F5045525553414841414E5F4E414D457C733A303A22223B555F5F50454E414E4747554E475F4A415741427C733A303A22223B);
INSERT INTO `sessions` VALUES ('c55436e0d6a98d19116a5aa742b788a96378a80b', '::1', '1475378876', 0x66757365726E616D657C733A33323A223539663638366366646539616638616235356361323138376637356634363964223B6670617373776F72647C733A33323A226363346561343333336538376433323930363964363339333831656664373365223B5F5F63695F6C6173745F726567656E65726174657C693A313437353337383731313B555F5F4C4F47474544494E7C623A313B555F5F49447C733A313A2232223B555F5F4E414D457C733A353A2241646D696E223B555F5F555345524E414D457C733A353A2261646D696E223B555F5F47524F55505F49447C733A313A2231223B555F5F47524F55505F4E414D457C733A353A2241646D696E223B555F5F5045525553414841414E7C733A303A22223B555F5F5045525553414841414E5F4E414D457C733A303A22223B555F5F50454E414E4747554E475F4A415741427C733A303A22223B);
INSERT INTO `sessions` VALUES ('585b6ba09695a1c6d2d252d0f7f9a54da9c04a71', '::1', '1475379525', 0x66757365726E616D657C733A33323A223539663638366366646539616638616235356361323138376637356634363964223B6670617373776F72647C733A33323A226363346561343333336538376433323930363964363339333831656664373365223B5F5F63695F6C6173745F726567656E65726174657C693A313437353337393138323B555F5F4C4F47474544494E7C623A313B555F5F49447C733A313A2232223B555F5F4E414D457C733A353A2241646D696E223B555F5F555345524E414D457C733A353A2261646D696E223B555F5F47524F55505F49447C733A313A2231223B555F5F47524F55505F4E414D457C733A353A2241646D696E223B555F5F5045525553414841414E7C733A303A22223B555F5F5045525553414841414E5F4E414D457C733A303A22223B555F5F50454E414E4747554E475F4A415741427C733A303A22223B);
INSERT INTO `sessions` VALUES ('2a6892e4ae3fc4d8affd6e0c0431e0545b1774dd', '::1', '1475379772', 0x66757365726E616D657C733A33323A223539663638366366646539616638616235356361323138376637356634363964223B6670617373776F72647C733A33323A226363346561343333336538376433323930363964363339333831656664373365223B5F5F63695F6C6173745F726567656E65726174657C693A313437353337393537373B555F5F4C4F47474544494E7C623A313B555F5F49447C733A313A2232223B555F5F4E414D457C733A353A2241646D696E223B555F5F555345524E414D457C733A353A2261646D696E223B555F5F47524F55505F49447C733A313A2231223B555F5F47524F55505F4E414D457C733A353A2241646D696E223B555F5F5045525553414841414E7C733A303A22223B555F5F5045525553414841414E5F4E414D457C733A303A22223B555F5F50454E414E4747554E475F4A415741427C733A303A22223B);
INSERT INTO `sessions` VALUES ('bea91977884915026afb7e56df518ca7b8529db8', '::1', '1475382925', 0x66757365726E616D657C733A33323A223539663638366366646539616638616235356361323138376637356634363964223B6670617373776F72647C733A33323A226363346561343333336538376433323930363964363339333831656664373365223B5F5F63695F6C6173745F726567656E65726174657C693A313437353338323635343B555F5F4C4F47474544494E7C623A313B555F5F49447C733A313A2232223B555F5F4E414D457C733A353A2241646D696E223B555F5F555345524E414D457C733A353A2261646D696E223B555F5F47524F55505F49447C733A313A2231223B555F5F47524F55505F4E414D457C733A353A2241646D696E223B555F5F5045525553414841414E7C733A303A22223B555F5F5045525553414841414E5F4E414D457C733A303A22223B555F5F50454E414E4747554E475F4A415741427C733A303A22223B);
INSERT INTO `sessions` VALUES ('f7fbc044259d5837de382a5bd3bb27efddfab0c5', '::1', '1475383283', 0x66757365726E616D657C733A33323A223539663638366366646539616638616235356361323138376637356634363964223B6670617373776F72647C733A33323A226363346561343333336538376433323930363964363339333831656664373365223B5F5F63695F6C6173745F726567656E65726174657C693A313437353338333030303B555F5F4C4F47474544494E7C623A313B555F5F49447C733A313A2232223B555F5F4E414D457C733A353A2241646D696E223B555F5F555345524E414D457C733A353A2261646D696E223B555F5F47524F55505F49447C733A313A2231223B555F5F47524F55505F4E414D457C733A353A2241646D696E223B555F5F5045525553414841414E7C733A303A22223B555F5F5045525553414841414E5F4E414D457C733A303A22223B555F5F50454E414E4747554E475F4A415741427C733A303A22223B);
INSERT INTO `sessions` VALUES ('18b51b6ad1eb6a49d8876d4d47aa49aa0523b48c', '::1', '1475383648', 0x66757365726E616D657C733A33323A223539663638366366646539616638616235356361323138376637356634363964223B6670617373776F72647C733A33323A226363346561343333336538376433323930363964363339333831656664373365223B5F5F63695F6C6173745F726567656E65726174657C693A313437353338333335353B555F5F4C4F47474544494E7C623A313B555F5F49447C733A313A2232223B555F5F4E414D457C733A353A2241646D696E223B555F5F555345524E414D457C733A353A2261646D696E223B555F5F47524F55505F49447C733A313A2231223B555F5F47524F55505F4E414D457C733A353A2241646D696E223B555F5F5045525553414841414E7C733A303A22223B555F5F5045525553414841414E5F4E414D457C733A303A22223B555F5F50454E414E4747554E475F4A415741427C733A303A22223B);
INSERT INTO `sessions` VALUES ('a8a8bcb759527d5624cd9ca7d9c91000e10fe70f', '::1', '1475385241', 0x66757365726E616D657C733A33323A223539663638366366646539616638616235356361323138376637356634363964223B6670617373776F72647C733A33323A226363346561343333336538376433323930363964363339333831656664373365223B5F5F63695F6C6173745F726567656E65726174657C693A313437353338333635393B555F5F4C4F47474544494E7C623A313B555F5F49447C733A313A2232223B555F5F4E414D457C733A353A2241646D696E223B555F5F555345524E414D457C733A353A2261646D696E223B555F5F47524F55505F49447C733A313A2231223B555F5F47524F55505F4E414D457C733A353A2241646D696E223B555F5F5045525553414841414E7C733A303A22223B555F5F5045525553414841414E5F4E414D457C733A303A22223B555F5F50454E414E4747554E475F4A415741427C733A303A22223B);
INSERT INTO `sessions` VALUES ('2f9ac3b7c1ba76b2160ff24a3fc6ad92bd8ee0b2', '::1', '1475385274', 0x66757365726E616D657C733A33323A223539663638366366646539616638616235356361323138376637356634363964223B6670617373776F72647C733A33323A226363346561343333336538376433323930363964363339333831656664373365223B5F5F63695F6C6173745F726567656E65726174657C693A313437353338353235353B555F5F4C4F47474544494E7C623A313B555F5F49447C733A313A2232223B555F5F4E414D457C733A353A2241646D696E223B555F5F555345524E414D457C733A353A2261646D696E223B555F5F47524F55505F49447C733A313A2231223B555F5F47524F55505F4E414D457C733A353A2241646D696E223B555F5F5045525553414841414E7C733A303A22223B555F5F5045525553414841414E5F4E414D457C733A303A22223B555F5F50454E414E4747554E475F4A415741427C733A303A22223B);
INSERT INTO `sessions` VALUES ('557b580eb655ece7a40cc00ad5dfc157f6c87a56', '::1', '1475387265', 0x66757365726E616D657C733A33323A223539663638366366646539616638616235356361323138376637356634363964223B6670617373776F72647C733A33323A226363346561343333336538376433323930363964363339333831656664373365223B5F5F63695F6C6173745F726567656E65726174657C693A313437353338363936363B555F5F4C4F47474544494E7C623A313B555F5F49447C733A313A2232223B555F5F4E414D457C733A353A2241646D696E223B555F5F555345524E414D457C733A353A2261646D696E223B555F5F47524F55505F49447C733A313A2231223B555F5F47524F55505F4E414D457C733A353A2241646D696E223B555F5F5045525553414841414E7C733A303A22223B555F5F5045525553414841414E5F4E414D457C733A303A22223B555F5F50454E414E4747554E475F4A415741427C733A303A22223B);
INSERT INTO `sessions` VALUES ('beef1071d2466a371e18a5bc2de2be8a4af51e33', '::1', '1475387518', 0x5F5F63695F6C6173745F726567656E65726174657C693A313437353338373330333B66757365726E616D657C733A33323A223237303466383038616363396265356234663930613161636334323631383832223B6670617373776F72647C733A33323A223661303535316332623035616437623034393439646238383733396131613530223B555F5F4C4F47474544494E7C623A313B555F5F49447C733A313A2231223B555F5F4E414D457C733A353A22456477696E223B555F5F555345524E414D457C733A353A22656477696E223B555F5F47524F55505F49447C733A323A222D31223B555F5F47524F55505F4E414D457C733A31313A2253757065722041646D696E223B555F5F5045525553414841414E7C733A303A22223B555F5F5045525553414841414E5F4E414D457C733A303A22223B555F5F50454E414E4747554E475F4A415741427C733A303A22223B);
INSERT INTO `sessions` VALUES ('4e47a06cc381bd082e54ed4f81322acfdcd0c249', '::1', '1475387650', 0x5F5F63695F6C6173745F726567656E65726174657C693A313437353338373630343B66757365726E616D657C733A33323A223237303466383038616363396265356234663930613161636334323631383832223B6670617373776F72647C733A33323A223661303535316332623035616437623034393439646238383733396131613530223B555F5F4C4F47474544494E7C623A313B555F5F49447C733A313A2231223B555F5F4E414D457C733A353A22456477696E223B555F5F555345524E414D457C733A353A22656477696E223B555F5F47524F55505F49447C733A323A222D31223B555F5F47524F55505F4E414D457C733A31313A2253757065722041646D696E223B555F5F5045525553414841414E7C733A303A22223B555F5F5045525553414841414E5F4E414D457C733A303A22223B555F5F50454E414E4747554E475F4A415741427C733A303A22223B);
INSERT INTO `sessions` VALUES ('505f4564ecf6816721094ba8bc184b862be48348', '::1', '1475388431', 0x5F5F63695F6C6173745F726567656E65726174657C693A313437353338383332333B66757365726E616D657C733A33323A226137613638333937616232613161303566373139373932376132323534383138223B6670617373776F72647C733A33323A223861313764336133383964646363333932336263346330393235376635643762223B555F5F4C4F47474544494E7C623A313B555F5F49447C733A313A2233223B555F5F4E414D457C733A31333A224F7065726173696F6E616C2031223B555F5F555345524E414D457C733A31313A226F7065726173696F6E616C223B555F5F47524F55505F49447C733A313A2232223B555F5F47524F55505F4E414D457C733A31313A224F7065726173696F6E616C223B555F5F5045525553414841414E7C733A313A2232223B555F5F5045525553414841414E5F4E414D457C733A32353A2250542E20534E45504143204D554C54494E444F205554414D41223B555F5F50454E414E4747554E475F4A415741427C733A31383A2250454E414E4747554E47204A415741422032223B);
INSERT INTO `sessions` VALUES ('43b12178a5b1f9cb10b1a160a9d23aa44351308b', '::1', '1475388870', 0x5F5F63695F6C6173745F726567656E65726174657C693A313437353338383633393B66757365726E616D657C733A33323A226137613638333937616232613161303566373139373932376132323534383138223B6670617373776F72647C733A33323A223861313764336133383964646363333932336263346330393235376635643762223B555F5F4C4F47474544494E7C623A313B555F5F49447C733A313A2233223B555F5F4E414D457C733A31333A224F7065726173696F6E616C2031223B555F5F555345524E414D457C733A31313A226F7065726173696F6E616C223B555F5F47524F55505F49447C733A313A2232223B555F5F47524F55505F4E414D457C733A31313A224F7065726173696F6E616C223B555F5F5045525553414841414E7C733A313A2232223B555F5F5045525553414841414E5F4E414D457C733A32353A2250542E20534E45504143204D554C54494E444F205554414D41223B555F5F50454E414E4747554E475F4A415741427C733A31383A2250454E414E4747554E47204A415741422032223B);
INSERT INTO `sessions` VALUES ('366aa02bf4da13ce826c5aded42d1afda28bdb46', '::1', '1475389274', 0x5F5F63695F6C6173745F726567656E65726174657C693A313437353338393030363B66757365726E616D657C733A33323A226137613638333937616232613161303566373139373932376132323534383138223B6670617373776F72647C733A33323A223861313764336133383964646363333932336263346330393235376635643762223B555F5F4C4F47474544494E7C623A313B555F5F49447C733A313A2233223B555F5F4E414D457C733A31333A224F7065726173696F6E616C2031223B555F5F555345524E414D457C733A31313A226F7065726173696F6E616C223B555F5F47524F55505F49447C733A313A2232223B555F5F47524F55505F4E414D457C733A31313A224F7065726173696F6E616C223B555F5F5045525553414841414E7C733A313A2232223B555F5F5045525553414841414E5F4E414D457C733A32353A2250542E20534E45504143204D554C54494E444F205554414D41223B555F5F50454E414E4747554E475F4A415741427C733A31383A2250454E414E4747554E47204A415741422032223B);
INSERT INTO `sessions` VALUES ('f6e1e3ccf93904cfa5e01c62d826e4fd81593e46', '::1', '1475389341', 0x5F5F63695F6C6173745F726567656E65726174657C693A313437353338393332373B66757365726E616D657C733A33323A226137613638333937616232613161303566373139373932376132323534383138223B6670617373776F72647C733A33323A223861313764336133383964646363333932336263346330393235376635643762223B555F5F4C4F47474544494E7C623A313B555F5F49447C733A313A2233223B555F5F4E414D457C733A31333A224F7065726173696F6E616C2031223B555F5F555345524E414D457C733A31313A226F7065726173696F6E616C223B555F5F47524F55505F49447C733A313A2232223B555F5F47524F55505F4E414D457C733A31313A224F7065726173696F6E616C223B555F5F5045525553414841414E7C733A313A2232223B555F5F5045525553414841414E5F4E414D457C733A32353A2250542E20534E45504143204D554C54494E444F205554414D41223B555F5F50454E414E4747554E475F4A415741427C733A31383A2250454E414E4747554E47204A415741422032223B);

-- ----------------------------
-- Table structure for users
-- ----------------------------
DROP TABLE IF EXISTS `users`;
CREATE TABLE `users` (
  `id` int(11) NOT NULL AUTO_INCREMENT,
  `name` varchar(45) NOT NULL,
  `username` varchar(45) NOT NULL,
  `password` varchar(45) NOT NULL,
  `groups_id` int(11) NOT NULL,
  `disable` tinyint(1) NOT NULL DEFAULT '0',
  `created` datetime DEFAULT NULL,
  `created_by` int(11) DEFAULT NULL,
  `modified` datetime DEFAULT NULL,
  `modified_by` int(11) DEFAULT NULL,
  `last_ip` varchar(15) DEFAULT NULL,
  `last_login` text,
  PRIMARY KEY (`id`),
  UNIQUE KEY `username_UNIQUE` (`username`),
  KEY `fk_users_groups_idx` (`groups_id`),
  CONSTRAINT `fk_users_groups` FOREIGN KEY (`groups_id`) REFERENCES `groups` (`id`) ON DELETE NO ACTION ON UPDATE NO ACTION
) ENGINE=InnoDB AUTO_INCREMENT=4 DEFAULT CHARSET=utf8;

-- ----------------------------
-- Records of users
-- ----------------------------
INSERT INTO `users` VALUES ('1', 'Edwin', 'edwin', '64d4cfbea7adafb70586cee10f026bb0', '-1', '0', null, null, null, null, null, '{\"date\":\"2016-10-02 12:48:30\",\"ip\":\"::1\",\"browser\":\"Mozilla\\/5.0 (Windows NT 10.0; WOW64) AppleWebKit\\/537.36 (KHTML, like Gecko) Chrome\\/53.0.2785.116 Safari\\/537.36\"}');
INSERT INTO `users` VALUES ('2', 'Admin', 'admin', 'f009676502a8a229d019fc87374f8c71', '1', '0', null, null, null, null, null, '{\"date\":\"2016-10-02 04:32:05\",\"ip\":\"::1\",\"browser\":\"Mozilla\\/5.0 (Windows NT 10.0; WOW64) AppleWebKit\\/537.36 (KHTML, like Gecko) Chrome\\/53.0.2785.116 Safari\\/537.36\"}');
INSERT INTO `users` VALUES ('3', 'Operasional 1', 'operasional', '15cdf897f81438baa493bb376f88c1a4', '2', '0', null, null, null, null, null, '{\"date\":\"2016-10-02 13:06:03\",\"ip\":\"::1\",\"browser\":\"Mozilla\\/5.0 (Windows NT 10.0; WOW64) AppleWebKit\\/537.36 (KHTML, like Gecko) Chrome\\/53.0.2785.116 Safari\\/537.36\"}');

-- ----------------------------
-- Table structure for users_perusahaan
-- ----------------------------
DROP TABLE IF EXISTS `users_perusahaan`;
CREATE TABLE `users_perusahaan` (
  `id` int(11) NOT NULL AUTO_INCREMENT,
  `users_id` int(11) NOT NULL,
  `perusahaan_id` int(11) NOT NULL,
  PRIMARY KEY (`id`),
  KEY `fk_users_perusahaan_users1_idx` (`users_id`),
  KEY `fk_users_perusahaan_perusahaan1_idx` (`perusahaan_id`),
  CONSTRAINT `fk_users_perusahaan_perusahaan1` FOREIGN KEY (`perusahaan_id`) REFERENCES `perusahaan` (`id`) ON DELETE NO ACTION ON UPDATE NO ACTION,
  CONSTRAINT `fk_users_perusahaan_users1` FOREIGN KEY (`users_id`) REFERENCES `users` (`id`) ON DELETE NO ACTION ON UPDATE NO ACTION
) ENGINE=InnoDB AUTO_INCREMENT=3 DEFAULT CHARSET=utf8;

-- ----------------------------
-- Records of users_perusahaan
-- ----------------------------
INSERT INTO `users_perusahaan` VALUES ('1', '3', '1');
INSERT INTO `users_perusahaan` VALUES ('2', '3', '2');
